source_row,nominal_temperature_k,nominal_field_t,nominal_angle_deg,temperature_k,applied_field_t,angle_from_normal_deg,ic_a_per_m,bridge_ic_a,n_value
1817,20.0,1.0,0.0,19.99,1.0,-0.13,296206.0,148.1,21.78
1818,20.0,1.0,5.0,20.0,1.0,4.92,296352.0,148.18,21.69
1819,20.0,1.0,10.0,19.99,1.0,9.97,297014.0,148.51,21.74
1820,20.0,1.0,15.0,19.99,1.0,15.0,297635.0,148.82,21.43
1821,20.0,1.0,20.0,19.99,1.0,20.03,299298.0,149.65,21.39
1822,20.0,1.0,25.0,19.99,1.0,25.04,301220.0,150.61,21.0
1823,20.0,1.0,30.0,20.0,1.0,30.03,304446.0,152.22,21.1
1824,20.0,1.0,35.0,19.99,1.0,35.0,308428.0,154.21,21.0
1825,20.0,1.0,40.0,19.99,1.0,39.95,313865.0,156.93,21.05
1826,20.0,1.0,45.0,20.0,1.0,44.88,319726.0,159.86,20.51
1827,20.0,1.0,50.0,20.0,1.0,49.81,327161.0,163.58,20.09
1828,20.0,1.0,55.0,20.0,1.0,54.72,337734.0,168.87,19.68
1829,20.0,1.0,60.0,19.99,1.0,59.64,351939.0,175.97,19.79
1830,20.0,1.0,65.0,19.99,1.0,64.58,368494.0,184.25,19.34
1831,20.0,1.0,70.0,19.99,1.0,69.54,393105.0,196.55,20.61
1832,20.0,1.0,75.0,19.99,1.0,74.53,419856.00000000006,209.93,21.63
1833,20.0,1.0,78.0,19.98,1.0,77.55,435624.0,217.81,22.34
1834,20.0,1.0,81.0,19.98,1.0,80.55,450106.00000000006,225.05,23.4
1835,20.0,1.0,84.0,19.99,1.0,83.57,459805.0,229.9,23.67
1836,20.0,1.0,86.0,19.98,1.0,85.58,464839.99999999994,232.42,24.36
1837,20.0,1.0,88.0,19.98,1.0,87.59,467187.0,233.59,24.46
1838,20.0,1.0,90.0,19.98,1.0,89.6,467235.00000000006,233.62,24.78
1839,20.0,1.0,92.0,19.98,1.0,91.6,463339.00000000006,231.67,23.88
1840,20.0,1.0,94.0,19.98,1.0,93.61,459281.00000000006,229.64,23.98
1841,20.0,1.0,96.0,19.98,1.0,95.6,450878.0,225.44,22.77
1842,20.0,1.0,99.0,19.99,1.0,98.58,437243.0,218.62,22.02
1843,20.0,1.0,102.0,19.98,1.0,101.54,419549.0,209.77,20.72
1844,20.0,1.0,105.0,19.99,1.0,104.5,403350.0,201.68,20.5
1845,20.0,1.0,110.0,19.99,1.0,109.4,377352.0,188.68,19.78
1846,20.0,1.0,115.0,19.99,1.0,114.31,355800.0,177.9,19.32
1847,20.0,1.0,120.0,19.99,1.0,119.21,339808.0,169.9,19.53
1848,20.0,1.0,125.0,20.0,1.0,124.15,327194.0,163.6,19.61
1849,20.0,1.0,130.0,19.99,1.0,129.1,317789.0,158.89,19.98
1850,20.0,1.0,135.0,19.99,1.0,134.1,310641.0,155.32,20.37
1851,20.0,1.0,140.0,19.99,1.0,139.13,304358.0,152.18,20.2
1852,20.0,1.0,145.0,19.99,1.0,144.19,299635.0,149.82,20.23
1853,20.0,1.0,150.0,19.99,1.0,149.27,297081.0,148.54,20.83
1854,20.0,1.0,155.0,19.99,1.0,154.36,293196.0,146.6,20.04
1855,20.0,1.0,160.0,19.99,1.0,159.46,292975.0,146.49,20.89
1856,20.0,1.0,165.0,20.0,1.0,164.55,292551.0,146.28,21.11
1857,20.0,1.0,170.0,19.99,1.0,169.64,292111.0,146.06,21.22
1858,20.0,1.0,175.0,19.99,1.0,174.72,293315.0,146.66,21.8
1859,20.0,1.0,180.0,19.99,1.0,179.8,294281.0,147.14,21.95
1872,20.0,1.5,0.0,19.99,1.5,-0.15,252886.0,126.44,21.57
1873,20.0,1.5,5.0,19.99,1.5,4.83,253309.0,126.65,21.68
1874,20.0,1.5,10.0,19.99,1.5,9.81,253398.0,126.7,21.44
1875,20.0,1.5,15.0,20.0,1.5,14.81,253405.00000000003,126.7,20.87
1876,20.0,1.5,20.0,20.0,1.5,19.81,255142.99999999997,127.57,21.23
1877,20.0,1.5,25.0,20.0,1.5,24.81,256873.99999999997,128.44,21.17
1878,20.0,1.5,30.0,20.0,1.5,29.83,258294.99999999997,129.15,20.44
1879,20.0,1.5,35.0,19.99,1.5,34.84,262878.0,131.44,21.46
1880,20.0,1.5,40.0,19.99,1.5,39.85,266045.0,133.02,20.48
1881,20.0,1.5,45.0,20.0,1.5,44.85,271164.0,135.58,20.06
1882,20.0,1.5,50.0,20.0,1.5,49.84,276555.0,138.28,18.95
1883,20.0,1.5,55.0,19.99,1.5,54.81,283311.0,141.66,17.96
1884,20.0,1.5,60.0,19.99,1.5,59.78,297832.0,148.92,19.31
1885,20.0,1.5,65.0,19.99,1.5,64.75,311195.0,155.6,18.27
1886,20.0,1.5,70.0,20.0,1.5,69.71,333187.0,166.59,18.52
1887,20.0,1.5,75.0,19.99,1.5,74.67,363234.0,181.62,18.3
1888,20.0,1.5,78.0,19.99,1.5,77.65,388670.0,194.33,19.42
1889,20.0,1.5,81.0,19.98,1.5,80.62,415854.0,207.93,20.93
1890,20.0,1.5,84.0,19.98,1.5,83.6,439526.0,219.76,22.52
1891,20.0,1.5,86.0,19.99,1.5,85.58,450317.0,225.16,23.12
1892,20.0,1.5,88.0,19.98,1.5,87.57,456646.0,228.32,23.84
1893,20.0,1.5,90.0,19.98,1.5,89.55,456305.0,228.15,23.25
1894,20.0,1.5,92.0,19.98,1.5,91.54,452466.0,226.23,23.74
1895,20.0,1.5,94.0,19.98,1.5,93.51,439997.99999999994,220.0,21.68
1896,20.0,1.5,96.0,19.98,1.5,95.48,425082.0,212.54,21.05
1897,20.0,1.5,99.0,19.98,1.5,98.44,398425.0,199.21,19.89
1898,20.0,1.5,102.0,19.99,1.5,101.4,371863.0,185.93,18.95
1899,20.0,1.5,105.0,19.99,1.5,104.36,348353.0,174.18,18.0
1900,20.0,1.5,110.0,19.99,1.5,109.28,320698.0,160.35,18.15
1901,20.0,1.5,115.0,20.0,1.5,114.22,301228.0,150.61,18.32
1902,20.0,1.5,120.0,19.99,1.5,119.18,286341.0,143.17,18.08
1903,20.0,1.5,125.0,19.99,1.5,124.18,276277.0,138.14,18.59
1904,20.0,1.5,130.0,20.0,1.5,129.21,268342.0,134.17,18.94
1905,20.0,1.5,135.0,20.0,1.5,134.27,262355.0,131.18,19.34
1906,20.0,1.5,140.0,20.0,1.5,139.36,257203.00000000003,128.6,19.21
1907,20.0,1.5,145.0,20.0,1.5,144.47,255144.99999999997,127.57,20.32
1908,20.0,1.5,150.0,20.0,1.5,149.58,251041.0,125.52,19.62
1909,20.0,1.5,155.0,20.0,1.5,154.67,250013.0,125.01,20.44
1910,20.0,1.5,160.0,19.99,1.5,159.74,249439.0,124.72,20.81
1911,20.0,1.5,165.0,20.0,1.5,164.79,248927.0,124.46,20.92
1912,20.0,1.5,170.0,20.0,1.5,169.82,250392.0,125.2,21.69
1913,20.0,1.5,175.0,19.99,1.5,174.82,250394.99999999997,125.2,21.29
1914,20.0,1.5,180.0,20.0,1.5,179.81,253128.00000000003,126.56,22.54
1927,20.0,2.0,0.0,19.99,2.0,-0.17,223641.0,111.82,21.32
1928,20.0,2.0,5.0,20.0,2.0,4.75,224221.0,112.11,21.84
1929,20.0,2.0,10.0,19.99,2.0,9.68,223808.0,111.9,21.3
1930,20.0,2.0,15.0,19.99,2.0,14.63,224181.0,112.09,21.36
1931,20.0,2.0,20.0,20.0,2.0,19.61,224256.0,112.13,20.57
1932,20.0,2.0,25.0,20.0,2.0,24.62,225978.00000000003,112.99,20.77
1933,20.0,2.0,30.0,20.0,2.0,29.65,228085.0,114.04,20.86
1934,20.0,2.0,35.0,20.0,2.0,34.69,229594.99999999997,114.8,19.87
1935,20.0,2.0,40.0,19.99,2.0,39.75,233723.99999999997,116.86,20.13
1936,20.0,2.0,45.0,20.0,2.0,44.79,237601.00000000003,118.8,19.44
1937,20.0,2.0,50.0,19.99,2.0,49.84,243089.0,121.54,18.78
1938,20.0,2.0,55.0,20.0,2.0,54.86,250096.0,125.05,17.94
1939,20.0,2.0,60.0,20.0,2.0,59.86,261731.0,130.87,18.89
1940,20.0,2.0,65.0,20.0,2.0,64.85,273891.0,136.95,17.81
1941,20.0,2.0,70.0,19.99,2.0,69.82,291967.0,145.98,17.37
1942,20.0,2.0,75.0,19.99,2.0,74.76,320830.0,160.41,17.45
1943,20.0,2.0,78.0,19.99,2.0,77.72,346063.0,173.03,17.66
1944,20.0,2.0,81.0,20.0,2.0,80.67,379940.0,189.97,18.8
1945,20.0,2.0,84.0,19.98,2.0,83.61,416767.0,208.38,20.72
1946,20.0,2.0,86.0,19.99,2.0,85.58,437066.0,218.53,22.21
1947,20.0,2.0,88.0,19.98,2.0,87.53,448708.0,224.35,23.13
1948,20.0,2.0,90.0,19.98,2.0,89.49,449589.00000000006,224.79,22.78
1949,20.0,2.0,92.0,19.98,2.0,91.46,443414.99999999994,221.71,23.32
1950,20.0,2.0,94.0,19.98,2.0,93.42,424477.00000000006,212.24,21.52
1951,20.0,2.0,96.0,19.98,2.0,95.38,398859.0,199.43,19.47
1952,20.0,2.0,99.0,19.98,2.0,98.33,362387.0,181.19,18.35
1953,20.0,2.0,102.0,19.99,2.0,101.29,332133.0,166.07,17.77
1954,20.0,2.0,105.0,19.99,2.0,104.25,308181.0,154.09,17.24
1955,20.0,2.0,110.0,19.99,2.0,109.2,281734.0,140.87,17.22
1956,20.0,2.0,115.0,20.0,2.0,114.18,264792.0,132.4,17.62
1957,20.0,2.0,120.0,20.0,2.0,119.19,251762.0,125.88,17.66
1958,20.0,2.0,125.0,19.99,2.0,124.25,242779.0,121.39,18.28
1959,20.0,2.0,130.0,19.99,2.0,129.33,235946.0,117.97,18.81
1960,20.0,2.0,135.0,19.99,2.0,134.44,230092.99999999997,115.05,18.94
1961,20.0,2.0,140.0,20.0,2.0,139.57,225551.00000000003,112.78,19.13
1962,20.0,2.0,145.0,20.0,2.0,144.7,222913.0,111.46,19.77
1963,20.0,2.0,150.0,20.0,2.0,149.82,220460.0,110.23,19.74
1964,20.0,2.0,155.0,20.0,2.0,155.0,218833.0,109.42,19.71
1965,20.0,2.0,160.0,20.0,2.0,160.06,218755.00000000003,109.38,20.25
1966,20.0,2.0,165.0,20.0,2.0,164.98,221221.0,110.61,22.39
1967,20.0,2.0,170.0,19.99,2.0,169.96,220473.99999999997,110.24,21.18
1968,20.0,2.0,175.0,20.0,2.0,174.9,221550.0,110.78,21.32
1969,20.0,2.0,180.0,19.99,2.0,179.81,221921.0,110.96,20.74
1982,20.0,3.0,0.0,19.99,3.0,-0.21,182718.0,91.36,21.37
1983,20.0,3.0,5.0,20.0,3.0,4.69,183343.0,91.67,21.8
1984,20.0,3.0,10.0,19.99,3.0,9.61,182842.0,91.42,21.29
1985,20.0,3.0,15.0,19.99,3.0,14.53,183863.0,91.93,22.04
1986,20.0,3.0,20.0,20.0,3.0,19.51,182115.0,91.06,20.24
1987,20.0,3.0,25.0,20.0,3.0,24.53,184151.0,92.08,21.29
1988,20.0,3.0,30.0,20.0,3.0,29.57,183381.0,91.69,19.54
1989,20.0,3.0,35.0,20.0,3.0,34.63,184579.0,92.29,18.82
1990,20.0,3.0,40.0,19.99,3.0,39.7,187422.0,93.71,18.66
1991,20.0,3.0,45.0,19.99,3.0,44.77,190239.0,95.12,17.83
1992,20.0,3.0,50.0,20.0,3.0,49.84,195040.0,97.52,17.68
1993,20.0,3.0,55.0,19.99,3.0,54.88,202329.0,101.16,17.66
1994,20.0,3.0,60.0,20.0,3.0,59.9,210223.99999999997,105.11,17.19
1995,20.0,3.0,65.0,20.0,3.0,64.9,220356.0,110.18,16.34
1996,20.0,3.0,70.0,20.0,3.0,69.86,235583.0,117.79,15.97
1997,20.0,3.0,75.0,20.0,3.0,74.79,260419.0,130.21,16.14
1998,20.0,3.0,78.0,19.99,3.0,77.72,282280.0,141.14,16.15
1999,20.0,3.0,81.0,19.99,3.0,80.64,315242.0,157.62,16.25
2000,20.0,3.0,84.0,19.99,3.0,83.54,367364.0,183.68,18.22
2001,20.0,3.0,86.0,19.99,3.0,85.48,404730.0,202.36,20.01
2002,20.0,3.0,88.0,19.99,3.0,87.4,433110.99999999994,216.56,22.49
2003,20.0,3.0,90.0,19.99,3.0,89.34,439593.0,219.8,23.23
2004,20.0,3.0,92.0,19.99,3.0,91.29,421102.00000000006,210.55,21.51
2005,20.0,3.0,94.0,19.99,3.0,93.24,387231.0,193.62,19.88
2006,20.0,3.0,96.0,19.99,3.0,95.19,347035.0,173.52,17.67
2007,20.0,3.0,99.0,19.99,3.0,98.14,300424.0,150.21,16.29
2008,20.0,3.0,102.0,20.0,3.0,101.18,271485.0,135.74,16.56
2009,20.0,3.0,105.0,20.0,3.0,104.07,250941.0,125.47,16.32
2010,20.0,3.0,110.0,20.0,3.0,109.05,226666.0,113.33,15.62
2011,20.0,3.0,115.0,20.0,3.0,114.17,213165.0,106.58,16.37
2012,20.0,3.0,120.0,20.0,3.0,119.22,202605.0,101.3,16.78
2013,20.0,3.0,125.0,20.0,3.0,124.2,195210.0,97.61,17.42
2014,20.0,3.0,130.0,20.01,3.0,129.32,189246.0,94.62,17.91
2015,20.0,3.0,135.0,20.0,3.0,134.46,184423.0,92.21,18.06
2016,20.0,3.0,140.0,20.0,3.0,139.61,181170.0,90.59,18.4
2017,20.0,3.0,145.0,19.99,3.0,144.76,178997.0,89.5,18.87
2018,20.0,3.0,150.0,20.0,3.0,149.88,177495.0,88.75,19.12
2019,20.0,3.0,155.0,20.0,3.0,154.98,177170.0,88.58,19.76
2020,20.0,3.0,160.0,20.0,3.0,160.03,177910.0,88.95,20.64
2021,20.0,3.0,165.0,20.0,3.0,165.04,178333.0,89.17,20.69
2022,20.0,3.0,170.0,20.0,3.0,170.01,179137.0,89.57,20.74
2023,20.0,3.0,175.0,20.0,3.0,175.0,180378.0,90.19,20.87
2024,20.0,3.0,180.0,20.0,3.0,179.88,182821.0,91.41,22.01
2037,20.0,5.0,0.0,19.99,5.0,-0.19,136605.0,68.3,20.45
2038,20.0,5.0,5.0,19.99,5.0,4.66,138195.0,69.1,21.88
2039,20.0,5.0,10.0,20.0,5.0,9.54,137526.0,68.76,21.36
2040,20.0,5.0,15.0,20.0,5.0,14.47,138193.0,69.1,22.17
2041,20.0,5.0,20.0,20.0,5.0,19.45,135607.0,67.8,19.41
2042,20.0,5.0,25.0,20.0,5.0,24.45,137252.0,68.63,20.31
2043,20.0,5.0,30.0,20.0,5.0,29.5,139372.0,69.69,22.03
2044,20.0,5.0,35.0,20.0,5.0,34.54,139641.0,69.82,20.28
2045,20.0,5.0,40.0,20.0,5.0,39.57,139094.0,69.55,17.98
2046,20.0,5.0,45.0,20.0,5.0,44.64,143815.0,71.91,19.23
2047,20.0,5.0,50.0,19.99,5.0,49.66,146012.0,73.01,18.18
2048,20.0,5.0,55.0,20.0,5.0,54.72,151239.0,75.62,17.93
2049,20.0,5.0,60.0,20.0,5.0,59.69,157053.0,78.53,17.21
2050,20.0,5.0,65.0,20.0,5.0,64.68,162969.0,81.48,15.38
2051,20.0,5.0,70.0,20.0,5.0,69.65,175631.0,87.82,15.25
2052,20.0,5.0,75.0,20.0,5.0,74.62,194086.0,97.04,14.84
2053,20.0,5.0,78.0,20.0,5.0,77.55,209942.99999999997,104.97,14.22
2054,20.0,5.0,81.0,20.0,5.0,80.41,238558.0,119.28,14.89
2055,20.0,5.0,84.0,19.99,5.0,83.3,284332.0,142.17,15.08
2056,20.0,5.0,86.0,20.0,5.0,85.22,338704.0,169.35,16.66
2057,20.0,5.0,88.0,19.98,5.0,87.13,407477.0,203.74,20.67
2058,20.0,5.0,90.0,19.99,5.0,89.04,432060.00000000006,216.03,22.03
2059,20.0,5.0,92.0,19.99,5.0,90.97,401550.0,200.78,20.92
2060,20.0,5.0,94.0,19.99,5.0,93.04,328017.0,164.01,16.24
2061,20.0,5.0,96.0,19.99,5.0,95.01,274352.0,137.18,14.63
2062,20.0,5.0,99.0,19.99,5.0,97.99,232694.0,116.35,15.24
2063,20.0,5.0,102.0,20.0,5.0,100.98,204508.0,102.25,14.44
2064,20.0,5.0,105.0,20.0,5.0,103.99,190286.0,95.14,15.46
2065,20.0,5.0,110.0,20.0,5.0,108.9,169317.0,84.66,14.85
2066,20.0,5.0,115.0,20.0,5.0,114.11,159013.0,79.51,15.71
2067,20.0,5.0,120.0,20.0,5.0,119.2,153809.0,76.9,18.17
2068,20.0,5.0,125.0,20.0,5.0,124.32,144173.0,72.09,16.46
2069,20.0,5.0,130.0,20.0,5.0,129.29,140482.0,70.24,17.2
2070,20.0,5.0,135.0,20.0,5.0,134.59,138363.0,69.18,18.83
2071,20.0,5.0,140.0,19.99,5.0,139.72,135177.0,67.59,18.56
2072,20.0,5.0,145.0,20.0,5.0,144.72,134541.0,67.27,19.51
2073,20.0,5.0,150.0,19.99,5.0,149.98,133992.0,67.0,20.38
2074,20.0,5.0,155.0,20.0,5.0,155.08,132319.0,66.16,19.63
2075,20.0,5.0,160.0,19.99,5.0,160.14,134525.0,67.26,22.38
2076,20.0,5.0,165.0,20.0,5.0,165.03,133483.0,66.74,20.64
2077,20.0,5.0,170.0,20.0,5.0,170.12,134401.0,67.2,20.65
2078,20.0,5.0,175.0,20.0,5.0,175.04,135010.0,67.51,20.3
2079,20.0,5.0,180.0,19.99,5.0,179.91,136139.0,68.07,20.52
2092,20.0,7.0,0.0,20.0,7.0,-0.19,112154.0,56.08,22.36
2093,20.0,7.0,5.0,19.99,7.0,4.65,112568.0,56.28,22.8
2094,20.0,7.0,10.0,20.0,7.0,9.54,110316.00000000001,55.16,20.08
2095,20.0,7.0,15.0,20.0,7.0,14.47,110325.0,55.16,20.16
2096,20.0,7.0,20.0,20.0,7.0,19.45,111009.99999999999,55.51,20.93
2097,20.0,7.0,25.0,20.0,7.0,24.45,111269.0,55.63,20.35
2098,20.0,7.0,30.0,20.0,7.0,29.46,112293.0,56.15,20.56
2099,20.0,7.0,35.0,20.0,7.0,34.48,113008.0,56.5,19.88
2100,20.0,7.0,40.0,20.0,7.0,39.5,114795.0,57.4,19.84
2101,20.0,7.0,45.0,20.0,7.0,44.52,116795.0,58.4,19.62
2102,20.0,7.0,50.0,19.99,7.0,49.54,117752.0,58.88,17.29
2103,20.0,7.0,55.0,19.99,7.0,54.55,121520.0,60.76,17.21
2104,20.0,7.0,60.0,20.0,7.0,59.53,124919.0,62.46,15.78
2105,20.0,7.0,65.0,20.0,7.0,64.45,132761.0,66.38,16.2
2106,20.0,7.0,70.0,20.0,7.0,69.46,140979.0,70.49,14.71
2107,20.0,7.0,75.0,19.99,7.0,74.38,153305.0,76.65,13.26
2108,20.0,7.0,78.0,19.99,7.0,77.32,168704.0,84.35,13.49
2109,20.0,7.0,81.0,20.0,7.0,80.23,191741.0,95.87,13.56
2110,20.0,7.0,84.0,19.99,7.0,83.14,231980.00000000003,115.99,13.99
2111,20.0,7.0,86.0,20.0,7.0,85.06,283627.0,141.81,15.14
2112,20.0,7.0,88.0,19.99,7.0,87.0,364444.0,182.22,17.07
2113,20.0,7.0,90.0,19.98,7.0,88.92,429985.00000000006,214.99,22.4
2114,20.0,7.0,92.0,19.98,7.0,90.83,384011.0,192.01,20.0
2115,20.0,7.0,94.0,20.0,7.0,92.78,295355.0,147.68,16.38
2116,20.0,7.0,96.0,19.99,7.0,94.76,234714.0,117.36,13.99
2117,20.0,7.0,99.0,20.0,7.0,97.75,190553.0,95.28,13.62
2118,20.0,7.0,102.0,20.0,7.0,100.77,168022.0,84.01,14.24
2119,20.0,7.0,105.0,20.0,7.0,103.68,152245.0,76.12,13.91
2120,20.0,7.0,110.0,19.99,7.0,108.9,134320.0,67.16,13.35
2121,20.0,7.0,115.0,20.0,7.0,114.01,130721.0,65.36,17.01
2122,20.0,7.0,120.0,19.99,7.0,119.12,124450.0,62.23,17.93
2123,20.0,7.0,125.0,19.99,7.0,124.25,118758.0,59.38,17.64
2124,20.0,7.0,130.0,20.0,7.0,129.2,115778.0,57.89,18.65
2125,20.0,7.0,135.0,20.0,7.0,134.33,113049.0,56.52,19.07
2126,20.0,7.0,140.0,19.99,7.0,139.47,111439.00000000001,55.72,19.85
2127,20.0,7.0,145.0,20.0,7.0,144.79,108697.0,54.35,18.92
2128,20.0,7.0,150.0,19.99,7.0,149.73,107822.0,53.91,19.23
2129,20.0,7.0,155.0,20.0,7.0,155.0,108470.0,54.24,20.96
2130,20.0,7.0,160.0,19.99,7.0,160.06,108400.0,54.2,21.06
2131,20.0,7.0,165.0,20.0,7.0,165.1,108470.0,54.24,21.07
2132,20.0,7.0,170.0,20.0,7.0,170.09,110228.0,55.11,22.53
2133,20.0,7.0,175.0,20.0,7.0,175.04,109210.99999999999,54.61,20.01
2134,20.0,7.0,180.0,19.99,7.0,179.91,112008.0,56.0,22.31
2147,20.0,8.0,0.0,19.99,8.0,-0.18,101264.0,50.63,20.24
2148,20.0,8.0,5.0,19.99,8.0,4.65,102994.0,51.5,22.8
2149,20.0,8.0,10.0,20.0,8.0,9.55,102640.00000000001,51.32,22.09
2150,20.0,8.0,15.0,19.99,8.0,14.5,101630.0,50.82,20.72
2151,20.0,8.0,20.0,20.0,8.0,19.47,102543.0,51.27,21.77
2152,20.0,8.0,25.0,20.0,8.0,24.47,102420.0,51.21,20.58
2153,20.0,8.0,30.0,20.0,8.0,29.46,102579.0,51.29,19.95
2154,20.0,8.0,35.0,20.0,8.0,34.47,105173.0,52.59,21.74
2155,20.0,8.0,40.0,20.0,8.0,39.47,105589.00000000001,52.79,17.36
2156,20.0,8.0,45.0,20.0,8.0,44.48,107347.0,53.67,19.37
2157,20.0,8.0,50.0,20.0,8.0,49.49,110285.99999999999,55.14,19.57
2158,20.0,8.0,55.0,20.0,8.0,54.48,112811.99999999999,56.41,18.24
2159,20.0,8.0,60.0,20.0,8.0,59.46,115798.0,57.9,16.64
2160,20.0,8.0,65.0,20.0,8.0,64.42,119905.0,59.95,14.91
2161,20.0,8.0,70.0,20.0,8.0,69.36,129395.0,64.7,15.0
2162,20.0,8.0,75.0,20.0,8.0,74.27,138707.0,69.35,12.62
2163,20.0,8.0,78.0,20.0,8.0,77.2,153507.0,76.75,13.08
2164,20.0,8.0,81.0,19.99,8.0,80.11,175075.0,87.54,13.25
2165,20.0,8.0,84.0,20.0,8.0,83.02,211942.0,105.97,13.43
2166,20.0,8.0,86.0,20.0,8.0,84.95,259080.00000000003,129.54,14.26
2167,20.0,8.0,88.0,19.99,8.0,86.88,342567.0,171.28,16.07
2168,20.0,8.0,90.0,20.01,8.0,88.81,427335.00000000006,213.67,22.72
2169,20.0,8.0,92.0,19.99,8.0,90.72,377186.0,188.59,19.49
2170,20.0,8.0,94.0,19.99,8.0,92.66,274955.0,137.48,14.27
2171,20.0,8.0,96.0,20.0,8.0,94.65,218844.99999999997,109.42,13.48
2172,20.0,8.0,99.0,20.0,8.0,97.65,177103.0,88.55,13.6
2173,20.0,8.0,102.0,20.0,8.0,100.68,153317.0,76.66,13.64
2174,20.0,8.0,105.0,20.0,8.0,103.74,140059.0,70.03,13.92
2175,20.0,8.0,110.0,20.0,8.0,108.84,125934.99999999999,62.97,14.62
2176,20.0,8.0,115.0,20.0,8.0,113.96,120284.99999999999,60.14,16.85
2177,20.0,8.0,120.0,20.0,8.0,119.08,114906.0,57.45,18.22
2178,20.0,8.0,125.0,19.99,8.0,124.03,109938.00000000001,54.97,18.12
2179,20.0,8.0,130.0,20.0,8.0,129.16,106785.99999999999,53.39,18.9
2180,20.0,8.0,135.0,20.0,8.0,134.3,104350.0,52.17,19.47
2181,20.0,8.0,140.0,20.0,8.0,139.63,101648.0,50.82,18.79
2182,20.0,8.0,145.0,20.0,8.0,144.56,100474.0,50.24,19.46
2183,20.0,8.0,150.0,20.0,8.0,149.87,99936.0,49.97,20.69
2184,20.0,8.0,155.0,20.0,8.0,154.96,97403.0,48.7,18.09
2185,20.0,8.0,160.0,20.0,8.0,160.03,99565.0,49.78,21.15
2186,20.0,8.0,165.0,20.0,8.0,165.07,99428.0,49.71,20.73
2187,20.0,8.0,170.0,20.0,8.0,170.04,100735.0,50.37,22.15
2188,20.0,8.0,175.0,20.0,8.0,175.03,100779.0,50.39,20.65
2189,20.0,8.0,180.0,20.0,8.0,179.91,101552.0,50.78,20.82
2917,25.0,1.0,0.0,24.99,1.0,-0.15,239323.0,119.66,18.77
2918,25.0,1.0,5.0,24.99,1.0,4.93,238904.0,119.45,18.57
2919,25.0,1.0,10.0,25.0,1.0,10.0,240694.0,120.35,19.13
2920,25.0,1.0,15.0,25.0,1.0,15.04,240930.00000000003,120.46,18.94
2921,25.0,1.0,20.0,25.0,1.0,20.08,241142.99999999997,120.57,18.58
2922,25.0,1.0,25.0,24.99,1.0,25.09,242457.00000000003,121.23,18.59
2923,25.0,1.0,30.0,24.99,1.0,30.1,243360.0,121.68,18.0
2924,25.0,1.0,35.0,24.99,1.0,35.07,245842.99999999997,122.92,17.88
2925,25.0,1.0,40.0,24.99,1.0,40.03,248990.0,124.49,17.78
2926,25.0,1.0,45.0,24.99,1.0,44.96,251978.00000000003,125.99,17.21
2927,25.0,1.0,50.0,25.0,1.0,49.88,257769.99999999997,128.89,17.18
2928,25.0,1.0,55.0,25.0,1.0,54.79,263667.0,131.83,16.56
2929,25.0,1.0,60.0,25.0,1.0,59.7,271695.0,135.85,16.0
2930,25.0,1.0,65.0,24.99,1.0,64.64,283878.0,141.94,15.68
2931,25.0,1.0,70.0,25.0,1.0,69.61,301808.0,150.9,15.99
2932,25.0,1.0,75.0,25.01,1.0,74.59,326251.0,163.13,16.76
2933,25.0,1.0,78.0,24.99,1.0,77.59,341814.0,170.91,17.2
2934,25.0,1.0,81.0,25.0,1.0,80.59,357801.0,178.9,17.98
2935,25.0,1.0,84.0,25.0,1.0,83.6,371567.0,185.78,19.06
2936,25.0,1.0,86.0,24.99,1.0,85.6,377816.0,188.91,19.56
2937,25.0,1.0,88.0,25.01,1.0,87.6,380974.0,190.49,19.88
2938,25.0,1.0,90.0,25.0,1.0,89.61,380557.0,190.28,19.74
2939,25.0,1.0,92.0,24.99,1.0,91.62,376048.0,188.02,19.27
2940,25.0,1.0,94.0,25.0,1.0,93.61,369149.0,184.57,18.66
2941,25.0,1.0,96.0,25.01,1.0,95.6,359131.0,179.57,17.69
2942,25.0,1.0,99.0,24.99,1.0,98.57,344800.0,172.4,17.41
2943,25.0,1.0,102.0,25.0,1.0,101.53,325326.0,162.66,16.11
2944,25.0,1.0,105.0,25.01,1.0,104.48,309842.0,154.92,15.69
2945,25.0,1.0,110.0,25.0,1.0,109.37,289375.0,144.69,15.59
2946,25.0,1.0,115.0,25.0,1.0,114.26,273597.0,136.8,15.63
2947,25.0,1.0,120.0,25.01,1.0,119.16,261801.00000000003,130.9,15.77
2948,25.0,1.0,125.0,25.01,1.0,124.08,252525.0,126.26,15.61
2949,25.0,1.0,130.0,25.01,1.0,129.03,248694.99999999997,124.35,16.68
2950,25.0,1.0,135.0,24.99,1.0,134.03,244194.0,122.1,17.01
2951,25.0,1.0,140.0,24.99,1.0,139.07,240259.0,120.13,16.97
2952,25.0,1.0,145.0,25.01,1.0,144.13,238446.0,119.22,17.38
2953,25.0,1.0,150.0,25.0,1.0,149.21,236267.99999999997,118.13,17.41
2954,25.0,1.0,155.0,25.0,1.0,154.31,236221.0,118.11,17.99
2955,25.0,1.0,160.0,24.99,1.0,159.41,236696.99999999997,118.35,18.54
2956,25.0,1.0,165.0,25.0,1.0,164.51,235755.00000000003,117.88,18.29
2957,25.0,1.0,170.0,24.99,1.0,169.61,237289.0,118.64,18.86
2958,25.0,1.0,175.0,25.0,1.0,174.7,237505.00000000003,118.75,18.68
2959,25.0,1.0,180.0,25.0,1.0,179.79,239407.00000000003,119.7,19.39
2972,25.0,1.5,0.0,24.99,1.5,-0.17,206271.0,103.14,19.19
2973,25.0,1.5,5.0,25.0,1.5,4.85,206617.99999999997,103.31,19.27
2974,25.0,1.5,10.0,25.0,1.5,9.85,207209.0,103.6,19.51
2975,25.0,1.5,15.0,25.0,1.5,14.86,207138.0,103.57,19.28
2976,25.0,1.5,20.0,24.99,1.5,19.87,207231.0,103.62,19.03
2977,25.0,1.5,25.0,25.0,1.5,24.89,207985.0,103.99,18.97
2978,25.0,1.5,30.0,25.0,1.5,29.92,207942.99999999997,103.97,18.23
2979,25.0,1.5,35.0,24.99,1.5,34.94,208664.0,104.33,17.59
2980,25.0,1.5,40.0,25.0,1.5,39.95,210739.0,105.37,17.41
2981,25.0,1.5,45.0,25.0,1.5,44.95,212679.0,106.34,16.75
2982,25.0,1.5,50.0,24.99,1.5,49.94,216525.0,108.26,16.41
2983,25.0,1.5,55.0,25.0,1.5,54.91,221455.00000000003,110.73,16.05
2984,25.0,1.5,60.0,24.99,1.5,59.87,227759.0,113.88,15.51
2985,25.0,1.5,65.0,25.0,1.5,64.83,236928.00000000003,118.46,15.1
2986,25.0,1.5,70.0,25.0,1.5,69.79,250262.0,125.13,14.52
2987,25.0,1.5,75.0,24.99,1.5,74.75,272450.0,136.22,14.41
2988,25.0,1.5,78.0,25.0,1.5,77.73,293101.0,146.55,14.79
2989,25.0,1.5,81.0,25.0,1.5,80.68,318715.0,159.36,15.78
2990,25.0,1.5,84.0,24.99,1.5,83.64,345857.0,172.93,17.24
2991,25.0,1.5,86.0,24.99,1.5,85.62,359212.0,179.61,17.99
2992,25.0,1.5,88.0,25.0,1.5,87.6,367872.0,183.94,18.8
2993,25.0,1.5,90.0,24.99,1.5,89.58,368694.0,184.35,18.93
2994,25.0,1.5,92.0,25.0,1.5,91.56,361477.0,180.74,18.49
2995,25.0,1.5,94.0,24.98,1.5,93.53,347589.0,173.79,17.43
2996,25.0,1.5,96.0,25.0,1.5,95.5,327361.0,163.68,15.95
2997,25.0,1.5,99.0,24.99,1.5,98.45,301983.0,150.99,15.27
2998,25.0,1.5,102.0,24.99,1.5,101.4,276145.0,138.07,14.08
2999,25.0,1.5,105.0,25.0,1.5,104.34,258877.0,129.44,13.92
3000,25.0,1.5,110.0,25.0,1.5,109.25,240108.0,120.05,14.37
3001,25.0,1.5,115.0,25.0,1.5,114.18,227621.99999999997,113.81,14.82
3002,25.0,1.5,120.0,24.99,1.5,119.13,218955.00000000003,109.48,15.16
3003,25.0,1.5,125.0,25.0,1.5,124.12,213583.0,106.79,15.8
3004,25.0,1.5,130.0,24.99,1.5,129.14,209079.0,104.54,16.16
3005,25.0,1.5,135.0,24.99,1.5,134.21,205119.99999999997,102.56,16.36
3006,25.0,1.5,140.0,25.0,1.5,139.3,204110.0,102.05,17.24
3007,25.0,1.5,145.0,24.99,1.5,144.42,201284.0,100.64,17.06
3008,25.0,1.5,150.0,25.01,1.5,149.52,201192.0,100.6,17.75
3009,25.0,1.5,155.0,25.0,1.5,154.62,201265.0,100.63,18.19
3010,25.0,1.5,160.0,24.99,1.5,159.7,201896.0,100.95,18.6
3011,25.0,1.5,165.0,25.0,1.5,164.76,202143.0,101.07,18.6
3012,25.0,1.5,170.0,25.01,1.5,169.8,203896.0,101.95,19.27
3013,25.0,1.5,175.0,25.0,1.5,174.8,204012.0,102.01,18.66
3014,25.0,1.5,180.0,24.99,1.5,179.8,205338.0,102.67,18.97
3027,25.0,2.0,0.0,25.0,2.0,-0.19,183650.0,91.82,19.51
3028,25.0,2.0,5.0,24.99,2.0,4.76,183836.0,91.92,19.55
3029,25.0,2.0,10.0,24.99,2.0,9.72,182899.0,91.45,18.91
3030,25.0,2.0,15.0,24.99,2.0,14.68,183241.0,91.62,19.16
3031,25.0,2.0,20.0,25.0,2.0,19.68,183060.0,91.53,18.81
3032,25.0,2.0,25.0,25.01,2.0,24.7,182976.0,91.49,18.5
3033,25.0,2.0,30.0,25.0,2.0,29.74,183297.0,91.65,18.29
3034,25.0,2.0,35.0,24.99,2.0,34.8,183373.0,91.69,17.46
3035,25.0,2.0,40.0,25.0,2.0,39.85,184731.0,92.37,17.08
3036,25.0,2.0,45.0,25.0,2.0,44.9,186641.0,93.32,16.68
3037,25.0,2.0,50.0,25.0,2.0,49.95,188911.0,94.46,15.84
3038,25.0,2.0,55.0,25.0,2.0,54.96,192684.0,96.34,15.28
3039,25.0,2.0,60.0,24.99,2.0,59.96,198023.0,99.01,14.79
3040,25.0,2.0,65.0,25.0,2.0,64.95,205305.00000000003,102.65,14.15
3041,25.0,2.0,70.0,25.0,2.0,69.91,217541.0,108.77,14.0
3042,25.0,2.0,75.0,25.0,2.0,74.85,235142.99999999997,117.57,13.38
3043,25.0,2.0,78.0,25.0,2.0,77.8,253844.99999999997,126.92,13.39
3044,25.0,2.0,81.0,24.99,2.0,80.74,282728.0,141.36,14.17
3045,25.0,2.0,84.0,25.01,2.0,83.67,320324.0,160.16,15.78
3046,25.0,2.0,86.0,24.99,2.0,85.64,343893.0,171.95,17.16
3047,25.0,2.0,88.0,25.01,2.0,87.58,359348.0,179.67,18.23
3048,25.0,2.0,90.0,25.0,2.0,89.53,361782.0,180.89,18.54
3049,25.0,2.0,92.0,24.99,2.0,91.49,349692.0,174.85,17.65
3050,25.0,2.0,94.0,25.0,2.0,93.45,324596.0,162.3,15.66
3051,25.0,2.0,96.0,25.0,2.0,95.41,299479.0,149.74,14.81
3052,25.0,2.0,99.0,25.0,2.0,98.35,265302.0,132.65,13.68
3053,25.0,2.0,102.0,25.0,2.0,101.29,241539.0,120.77,13.48
3054,25.0,2.0,105.0,25.0,2.0,104.25,224609.0,112.3,13.37
3055,25.0,2.0,110.0,25.0,2.0,109.19,209640.0,104.82,14.07
3056,25.0,2.0,115.0,25.0,2.0,114.15,198264.0,99.13,14.24
3057,25.0,2.0,120.0,24.99,2.0,119.15,189514.0,94.76,14.18
3058,25.0,2.0,125.0,25.0,2.0,124.19,186161.0,93.08,15.34
3059,25.0,2.0,130.0,25.0,2.0,129.27,182199.0,91.1,15.7
3060,25.0,2.0,135.0,24.99,2.0,134.38,179442.0,89.72,16.09
3061,25.0,2.0,140.0,25.0,2.0,139.51,177589.0,88.79,16.54
3062,25.0,2.0,145.0,25.0,2.0,144.64,177450.0,88.72,17.42
3063,25.0,2.0,150.0,25.0,2.0,149.76,176673.0,88.34,17.7
3064,25.0,2.0,155.0,25.0,2.0,154.85,177310.0,88.66,18.23
3065,25.0,2.0,160.0,25.0,2.0,159.92,177310.0,88.66,18.24
3066,25.0,2.0,165.0,24.99,2.0,164.93,178492.0,89.25,18.6
3067,25.0,2.0,170.0,25.0,2.0,169.93,179061.0,89.53,18.27
3068,25.0,2.0,175.0,25.01,2.0,174.87,180925.0,90.46,18.76
3069,25.0,2.0,180.0,25.0,2.0,179.8,183143.0,91.57,19.47
3082,25.0,3.0,0.0,24.99,3.0,-0.2,153032.0,76.52,19.98
3083,25.0,3.0,5.0,25.0,3.0,4.69,153714.0,76.86,20.48
3084,25.0,3.0,10.0,24.99,3.0,9.61,152982.0,76.49,20.05
3085,25.0,3.0,15.0,25.01,3.0,14.54,151983.0,75.99,19.4
3086,25.0,3.0,20.0,25.01,3.0,19.52,151914.0,75.96,19.5
3087,25.0,3.0,25.0,25.0,3.0,24.54,152033.0,76.02,19.76
3088,25.0,3.0,30.0,25.0,3.0,29.59,150197.0,75.1,17.89
3089,25.0,3.0,35.0,25.0,3.0,34.66,149916.0,74.96,17.2
3090,25.0,3.0,40.0,25.0,3.0,39.73,150835.0,75.42,16.9
3091,25.0,3.0,45.0,25.0,3.0,44.8,152998.0,76.5,16.94
3092,25.0,3.0,50.0,24.99,3.0,49.88,154537.0,77.27,16.15
3093,25.0,3.0,55.0,25.0,3.0,54.92,155425.0,77.71,14.54
3094,25.0,3.0,60.0,25.0,3.0,59.94,160716.0,80.36,14.51
3095,25.0,3.0,65.0,25.01,3.0,64.94,165261.0,82.63,13.46
3096,25.0,3.0,70.0,25.0,3.0,69.91,175492.0,87.75,13.45
3097,25.0,3.0,75.0,25.0,3.0,74.85,186345.0,93.17,12.03
3098,25.0,3.0,78.0,25.0,3.0,77.79,204339.0,102.17,12.76
3099,25.0,3.0,81.0,25.0,3.0,80.7,227262.0,113.63,12.51
3100,25.0,3.0,84.0,25.0,3.0,83.61,271630.0,135.82,13.68
3101,25.0,3.0,86.0,24.99,3.0,85.54,312429.0,156.21,15.39
3102,25.0,3.0,88.0,25.0,3.0,87.48,347819.0,173.91,17.88
3103,25.0,3.0,90.0,24.99,3.0,89.41,355034.0,177.52,18.15
3104,25.0,3.0,92.0,24.99,3.0,91.36,331661.0,165.83,16.74
3105,25.0,3.0,94.0,25.01,3.0,93.31,290367.0,145.18,14.55
3106,25.0,3.0,96.0,24.99,3.0,95.26,251329.0,125.66,12.96
3107,25.0,3.0,99.0,24.99,3.0,98.21,214414.0,107.21,12.36
3108,25.0,3.0,102.0,25.0,3.0,101.15,191933.0,95.97,11.98
3109,25.0,3.0,105.0,25.0,3.0,104.12,182052.0,91.03,12.84
3110,25.0,3.0,110.0,25.0,3.0,109.09,169248.0,84.62,13.53
3111,25.0,3.0,115.0,25.01,3.0,114.19,160246.0,80.12,13.82
3112,25.0,3.0,120.0,25.0,3.0,119.15,154900.0,77.45,14.54
3113,25.0,3.0,125.0,25.0,3.0,124.24,151400.0,75.7,15.3
3114,25.0,3.0,130.0,24.99,3.0,129.35,149109.0,74.55,16.27
3115,25.0,3.0,135.0,25.0,3.0,134.49,145981.0,72.99,16.05
3116,25.0,3.0,140.0,25.0,3.0,139.64,145116.0,72.56,16.74
3117,25.0,3.0,145.0,25.0,3.0,144.78,144846.0,72.42,17.38
3118,25.0,3.0,150.0,25.0,3.0,149.89,144927.0,72.46,17.89
3119,25.0,3.0,155.0,25.0,3.0,154.98,144959.0,72.48,18.08
3120,25.0,3.0,160.0,25.0,3.0,160.04,146872.0,73.44,19.28
3121,25.0,3.0,165.0,24.99,3.0,165.05,148139.0,74.07,19.52
3122,25.0,3.0,170.0,25.0,3.0,170.02,149302.0,74.65,19.41
3123,25.0,3.0,175.0,25.0,3.0,175.0,151937.0,75.97,20.53
3124,25.0,3.0,180.0,25.01,3.0,179.87,152578.0,76.29,19.94
3137,25.0,5.0,0.0,25.0,5.0,-0.2,115574.0,57.79,19.8
3138,25.0,5.0,5.0,25.0,5.0,4.66,116135.99999999999,58.07,20.34
3139,25.0,5.0,10.0,24.99,5.0,9.55,115271.0,57.64,19.69
3140,25.0,5.0,15.0,24.99,5.0,14.48,115058.0,57.53,19.93
3141,25.0,5.0,20.0,25.0,5.0,19.47,114933.0,57.47,20.3
3142,25.0,5.0,25.0,25.0,5.0,24.48,114801.0,57.4,19.77
3143,25.0,5.0,30.0,25.01,5.0,29.53,113433.99999999999,56.72,18.0
3144,25.0,5.0,35.0,25.0,5.0,34.56,114250.0,57.12,18.37
3145,25.0,5.0,40.0,25.0,5.0,39.63,115456.0,57.73,18.48
3146,25.0,5.0,45.0,24.99,5.0,44.67,116253.0,58.13,17.96
3147,25.0,5.0,50.0,25.0,5.0,49.75,116510.99999999999,58.26,16.36
3148,25.0,5.0,55.0,25.0,5.0,54.79,118430.0,59.22,15.75
3149,25.0,5.0,60.0,25.0,5.0,59.8,119247.0,59.62,14.31
3150,25.0,5.0,65.0,24.99,5.0,64.76,124261.99999999999,62.13,14.23
3151,25.0,5.0,70.0,25.0,5.0,69.73,129233.0,64.62,12.97
3152,25.0,5.0,75.0,24.99,5.0,74.71,136624.0,68.31,11.45
3153,25.0,5.0,78.0,25.0,5.0,77.65,147448.0,73.72,11.28
3154,25.0,5.0,81.0,25.0,5.0,80.57,167430.0,83.72,11.65
3155,25.0,5.0,84.0,25.0,5.0,83.41,198139.0,99.07,11.08
3156,25.0,5.0,86.0,25.0,5.0,85.34,246608.0,123.3,12.46
3157,25.0,5.0,88.0,25.0,5.0,87.25,317743.0,158.87,15.63
3158,25.0,5.0,90.0,24.98,5.0,89.17,351983.0,175.99,18.18
3159,25.0,5.0,92.0,25.0,5.0,91.1,302489.0,151.24,14.98
3160,25.0,5.0,94.0,25.0,5.0,93.14,233285.0,116.64,12.16
3161,25.0,5.0,96.0,25.0,5.0,95.01,191341.0,95.67,11.42
3162,25.0,5.0,99.0,24.99,5.0,97.97,158410.0,79.2,11.11
3163,25.0,5.0,102.0,25.0,5.0,101.04,140483.0,70.24,10.83
3164,25.0,5.0,105.0,25.0,5.0,104.05,132613.0,66.31,11.71
3165,25.0,5.0,110.0,25.0,5.0,108.98,125168.0,62.58,13.07
3166,25.0,5.0,115.0,25.01,5.0,114.04,119453.0,59.73,13.81
3167,25.0,5.0,120.0,25.0,5.0,119.25,117203.0,58.6,15.26
3168,25.0,5.0,125.0,25.0,5.0,124.23,114770.0,57.38,16.25
3169,25.0,5.0,130.0,25.0,5.0,129.35,112626.0,56.31,16.63
3170,25.0,5.0,135.0,24.99,5.0,134.48,111645.0,55.82,17.48
3171,25.0,5.0,140.0,25.0,5.0,139.75,110360.99999999999,55.18,17.64
3172,25.0,5.0,145.0,25.0,5.0,144.76,109731.0,54.87,17.99
3173,25.0,5.0,150.0,25.0,5.0,150.0,108879.0,54.44,17.68
3174,25.0,5.0,155.0,25.0,5.0,155.09,109099.0,54.55,18.02
3175,25.0,5.0,160.0,25.0,5.0,160.15,109968.0,54.98,18.55
3176,25.0,5.0,165.0,25.0,5.0,165.16,112685.99999999999,56.34,21.08
3177,25.0,5.0,170.0,25.0,5.0,170.13,112898.0,56.45,19.57
3178,25.0,5.0,175.0,25.0,5.0,175.04,115095.0,57.55,20.56
3179,25.0,5.0,180.0,25.01,5.0,179.9,116156.0,58.08,20.72
3192,25.0,7.0,0.0,24.98,7.0,-0.19,93136.0,46.57,19.15
3193,25.0,7.0,5.0,25.0,7.0,4.65,93139.0,46.57,19.27
3194,25.0,7.0,10.0,24.99,7.0,9.55,93509.0,46.75,19.93
3195,25.0,7.0,15.0,25.0,7.0,14.5,92535.0,46.27,19.01
3196,25.0,7.0,20.0,24.99,7.0,19.49,93175.0,46.59,20.0
3197,25.0,7.0,25.0,25.01,7.0,24.48,92847.0,46.42,19.44
3198,25.0,7.0,30.0,25.01,7.0,29.5,94287.0,47.14,20.65
3199,25.0,7.0,35.0,25.0,7.0,34.54,94161.0,47.08,19.46
3200,25.0,7.0,40.0,24.99,7.0,39.57,94762.0,47.38,18.9
3201,25.0,7.0,45.0,25.0,7.0,44.61,96794.0,48.4,19.66
3202,25.0,7.0,50.0,25.0,7.0,49.63,96489.0,48.24,17.54
3203,25.0,7.0,55.0,24.99,7.0,54.65,98784.0,49.39,17.5
3204,25.0,7.0,60.0,25.0,7.0,59.64,100371.0,50.19,16.43
3205,25.0,7.0,65.0,25.0,7.0,64.62,100772.0,50.39,14.08
3206,25.0,7.0,70.0,25.0,7.0,69.58,104746.0,52.37,13.02
3207,25.0,7.0,75.0,25.0,7.0,74.52,110302.0,55.15,11.59
3208,25.0,7.0,78.0,25.0,7.0,77.45,118551.0,59.28,11.51
3209,25.0,7.0,81.0,24.99,7.0,80.37,128694.0,64.35,10.02
3210,25.0,7.0,84.0,25.0,7.0,83.28,157155.0,78.58,10.15
3211,25.0,7.0,86.0,25.0,7.0,85.21,201044.0,100.52,11.49
3212,25.0,7.0,88.0,24.99,7.0,87.14,281973.0,140.99,14.21
3213,25.0,7.0,90.0,24.99,7.0,89.07,344401.0,172.2,16.76
3214,25.0,7.0,92.0,25.0,7.0,90.97,280583.0,140.29,13.81
3215,25.0,7.0,94.0,25.0,7.0,92.93,201645.0,100.82,11.82
3216,25.0,7.0,96.0,25.01,7.0,94.89,157630.0,78.81,10.69
3217,25.0,7.0,99.0,24.99,7.0,97.88,124997.0,62.5,9.79
3218,25.0,7.0,102.0,25.0,7.0,100.88,114777.0,57.39,11.03
3219,25.0,7.0,105.0,25.0,7.0,103.91,107431.0,53.72,11.66
3220,25.0,7.0,110.0,25.0,7.0,109.0,101849.0,50.92,13.11
3221,25.0,7.0,115.0,25.0,7.0,114.09,97127.0,48.56,13.35
3222,25.0,7.0,120.0,24.99,7.0,119.21,97291.0,48.65,16.24
3223,25.0,7.0,125.0,25.0,7.0,124.18,94893.0,47.45,16.65
3224,25.0,7.0,130.0,25.0,7.0,129.45,94298.0,47.15,18.42
3225,25.0,7.0,135.0,25.0,7.0,134.43,92635.0,46.32,18.49
3226,25.0,7.0,140.0,24.99,7.0,139.72,90924.0,45.46,18.16
3227,25.0,7.0,145.0,25.01,7.0,144.84,90161.0,45.08,18.28
3228,25.0,7.0,150.0,25.0,7.0,149.95,90769.0,45.38,20.0
3229,25.0,7.0,155.0,24.99,7.0,155.04,89275.0,44.64,18.47
3230,25.0,7.0,160.0,25.01,7.0,159.95,89581.0,44.79,18.69
3231,25.0,7.0,165.0,24.99,7.0,164.98,90216.0,45.11,18.89
3232,25.0,7.0,170.0,25.0,7.0,170.1,91234.0,45.62,19.39
3233,25.0,7.0,175.0,25.0,7.0,175.04,92910.0,46.46,20.16
3234,25.0,7.0,180.0,25.0,7.0,179.91,93278.0,46.64,19.59
3247,25.0,8.0,0.0,25.0,8.0,-0.19,85909.0,42.95,20.35
3248,25.0,8.0,5.0,25.0,8.0,4.65,84510.0,42.26,18.37
3249,25.0,8.0,10.0,25.0,8.0,9.56,85010.0,42.51,19.32
3250,25.0,8.0,15.0,25.0,8.0,14.52,83835.0,41.92,17.83
3251,25.0,8.0,20.0,24.99,8.0,19.51,83898.0,41.95,18.14
3252,25.0,8.0,25.0,25.0,8.0,24.49,86101.0,43.05,20.93
3253,25.0,8.0,30.0,25.0,8.0,29.52,85637.0,42.82,19.32
3254,25.0,8.0,35.0,25.01,8.0,34.53,86836.0,43.42,19.86
3255,25.0,8.0,40.0,25.0,8.0,39.55,86971.0,43.49,18.68
3256,25.0,8.0,45.0,25.0,8.0,44.56,88155.0,44.08,18.32
3257,25.0,8.0,50.0,25.0,8.0,49.58,89071.0,44.54,17.49
3258,25.0,8.0,55.0,25.01,8.0,54.58,90426.0,45.21,16.81
3259,25.0,8.0,60.0,25.0,8.0,59.57,93232.0,46.62,17.02
3260,25.0,8.0,65.0,25.02,8.0,64.5,93855.0,46.93,14.78
3261,25.0,8.0,70.0,25.0,8.0,69.5,97100.0,48.55,13.59
3262,25.0,8.0,75.0,25.01,8.0,74.42,101271.0,50.64,11.7
3263,25.0,8.0,78.0,25.0,8.0,77.36,108274.0,54.14,11.48
3264,25.0,8.0,81.0,25.0,8.0,80.28,119000.0,59.5,10.48
3265,25.0,8.0,84.0,25.0,8.0,83.19,144183.0,72.09,10.07
3266,25.0,8.0,86.0,25.01,8.0,85.12,182451.0,91.23,10.68
3267,25.0,8.0,88.0,24.98,8.0,87.05,262793.0,131.4,13.45
3268,25.0,8.0,90.0,24.99,8.0,88.97,347353.0,173.68,17.97
3269,25.0,8.0,92.0,25.0,8.0,90.87,275642.0,137.82,14.21
3270,25.0,8.0,94.0,24.99,8.0,92.83,185898.0,92.95,10.87
3271,25.0,8.0,96.0,25.0,8.0,94.8,141213.0,70.61,9.49
3272,25.0,8.0,99.0,25.0,8.0,97.79,119633.99999999999,59.82,11.18
3273,25.0,8.0,102.0,25.0,8.0,100.82,104731.0,52.37,10.88
3274,25.0,8.0,105.0,25.0,8.0,103.85,100628.0,50.31,12.56
3275,25.0,8.0,110.0,25.0,8.0,108.96,93357.0,46.68,12.68
3276,25.0,8.0,115.0,25.0,8.0,114.06,92629.0,46.31,15.78
3277,25.0,8.0,120.0,25.0,8.0,119.19,90311.0,45.16,16.7
3278,25.0,8.0,125.0,25.0,8.0,124.31,87514.0,43.76,16.59
3279,25.0,8.0,130.0,25.01,8.0,129.28,86578.0,43.29,17.78
3280,25.0,8.0,135.0,25.01,8.0,134.58,85730.0,42.87,18.83
3281,25.0,8.0,140.0,25.0,8.0,139.53,84034.0,42.02,18.22
3282,25.0,8.0,145.0,25.0,8.0,144.82,83158.0,41.58,18.41
3283,25.0,8.0,150.0,24.99,8.0,149.93,82422.0,41.21,18.43
3284,25.0,8.0,155.0,25.0,8.0,155.01,81946.0,40.97,18.48
3285,25.0,8.0,160.0,25.0,8.0,160.07,83366.0,41.68,20.68
3286,25.0,8.0,165.0,25.0,8.0,165.1,82952.0,41.48,19.61
3287,25.0,8.0,170.0,25.0,8.0,170.08,84466.0,42.23,20.89
3288,25.0,8.0,175.0,25.01,8.0,175.03,85870.0,42.93,21.75
3289,25.0,8.0,180.0,25.0,8.0,179.91,86086.0,43.04,21.0
4017,30.0,1.0,0.0,29.99,1.0,-0.13,200704.0,100.35,18.52
4018,30.0,1.0,5.0,29.99,1.0,4.91,201307.0,100.65,18.79
4019,30.0,1.0,10.0,30.0,1.0,9.96,201386.0,100.69,18.75
4020,30.0,1.0,15.0,29.99,1.0,14.99,201593.0,100.8,18.74
4021,30.0,1.0,20.0,30.0,1.0,20.02,200704.0,100.35,17.93
4022,30.0,1.0,25.0,30.0,1.0,25.03,201025.0,100.51,17.76
4023,30.0,1.0,30.0,30.0,1.0,30.03,200718.0,100.36,17.15
4024,30.0,1.0,35.0,30.0,1.0,35.0,201224.0,100.61,16.83
4025,30.0,1.0,40.0,29.99,1.0,39.96,202016.0,101.01,16.36
4026,30.0,1.0,45.0,30.0,1.0,44.89,203432.0,101.72,15.98
4027,30.0,1.0,50.0,30.0,1.0,49.82,205339.0,102.67,15.48
4028,30.0,1.0,55.0,30.0,1.0,54.73,208302.0,104.15,14.98
4029,30.0,1.0,60.0,29.99,1.0,59.66,213117.99999999997,106.56,14.53
4030,30.0,1.0,65.0,30.0,1.0,64.61,218603.00000000003,109.3,13.66
4031,30.0,1.0,70.0,30.0,1.0,69.57,229162.0,114.58,13.22
4032,30.0,1.0,75.0,30.0,1.0,74.57,246425.0,123.21,13.18
4033,30.0,1.0,78.0,29.99,1.0,77.58,260906.0,130.45,13.42
4034,30.0,1.0,81.0,30.0,1.0,80.59,278084.0,139.04,14.14
4035,30.0,1.0,84.0,29.99,1.0,83.6,294777.0,147.39,15.12
4036,30.0,1.0,86.0,30.0,1.0,85.61,303701.0,151.85,15.89
4037,30.0,1.0,88.0,29.99,1.0,87.62,307840.0,153.92,16.08
4038,30.0,1.0,90.0,29.99,1.0,89.63,308025.0,154.01,15.94
4039,30.0,1.0,92.0,29.99,1.0,91.64,304157.0,152.08,15.84
4040,30.0,1.0,94.0,29.99,1.0,93.64,295415.0,147.71,15.13
4041,30.0,1.0,96.0,30.0,1.0,95.63,284363.0,142.18,14.44
4042,30.0,1.0,99.0,29.99,1.0,98.61,265727.0,132.86,13.54
4043,30.0,1.0,102.0,29.99,1.0,101.59,248010.0,124.0,12.79
4044,30.0,1.0,105.0,30.0,1.0,104.54,235464.0,117.73,12.89
4045,30.0,1.0,110.0,30.0,1.0,109.45,219717.0,109.86,12.95
4046,30.0,1.0,115.0,30.0,1.0,114.35,210317.99999999997,105.16,13.5
4047,30.0,1.0,120.0,30.0,1.0,119.25,204813.0,102.41,14.21
4048,30.0,1.0,125.0,30.0,1.0,124.17,200526.0,100.26,14.61
4049,30.0,1.0,130.0,30.0,1.0,129.13,197593.0,98.8,15.09
4050,30.0,1.0,135.0,30.0,1.0,134.12,196539.0,98.27,15.88
4051,30.0,1.0,140.0,30.0,1.0,139.15,194885.0,97.44,16.05
4052,30.0,1.0,145.0,30.0,1.0,144.21,194385.0,97.19,16.43
4053,30.0,1.0,150.0,30.0,1.0,149.29,194084.0,97.04,16.68
4054,30.0,1.0,155.0,30.0,1.0,154.37,194482.0,97.24,16.95
4055,30.0,1.0,160.0,30.0,1.0,159.47,195770.0,97.88,17.66
4056,30.0,1.0,165.0,30.0,1.0,164.56,196734.0,98.37,17.92
4057,30.0,1.0,170.0,30.0,1.0,169.65,198068.0,99.03,18.28
4058,30.0,1.0,175.0,30.0,1.0,174.72,198611.0,99.31,18.08
4059,30.0,1.0,180.0,30.0,1.0,179.79,200648.0,100.32,19.18
4072,30.0,1.5,0.0,29.99,1.5,-0.14,174774.0,87.39,19.35
4073,30.0,1.5,5.0,30.0,1.5,4.83,174713.0,87.36,19.26
4074,30.0,1.5,10.0,30.0,1.5,9.82,174316.0,87.16,18.86
4075,30.0,1.5,15.0,30.0,1.5,14.81,173881.0,86.94,18.76
4076,30.0,1.5,20.0,30.0,1.5,19.82,173325.0,86.66,18.43
4077,30.0,1.5,25.0,30.0,1.5,24.83,173325.0,86.66,18.63
4078,30.0,1.5,30.0,30.01,1.5,29.85,172096.0,86.05,17.66
4079,30.0,1.5,35.0,30.0,1.5,34.86,172050.0,86.03,17.4
4080,30.0,1.5,40.0,30.0,1.5,39.88,171874.0,85.94,16.71
4081,30.0,1.5,45.0,30.0,1.5,44.88,172254.0,86.13,16.13
4082,30.0,1.5,50.0,30.0,1.5,49.87,172942.0,86.47,15.4
4083,30.0,1.5,55.0,30.0,1.5,54.84,174635.0,87.32,14.77
4084,30.0,1.5,60.0,30.0,1.5,59.82,176873.0,88.44,13.85
4085,30.0,1.5,65.0,29.99,1.5,64.79,181524.0,90.76,13.39
4086,30.0,1.5,70.0,30.0,1.5,69.75,188491.0,94.25,12.76
4087,30.0,1.5,75.0,30.0,1.5,74.72,199829.0,99.91,11.82
4088,30.0,1.5,78.0,29.99,1.5,77.71,213728.00000000003,106.86,11.8
4089,30.0,1.5,81.0,30.0,1.5,80.69,234369.99999999997,117.18,12.02
4090,30.0,1.5,84.0,30.0,1.5,83.66,263734.0,131.87,13.32
4091,30.0,1.5,86.0,30.0,1.5,85.64,282876.0,141.44,14.6
4092,30.0,1.5,88.0,29.99,1.5,87.63,295527.0,147.76,15.74
4093,30.0,1.5,90.0,29.99,1.5,89.61,297576.0,148.79,15.98
4094,30.0,1.5,92.0,29.99,1.5,91.59,287180.0,143.59,14.85
4095,30.0,1.5,94.0,30.0,1.5,93.57,269932.0,134.97,13.81
4096,30.0,1.5,96.0,29.99,1.5,95.55,247565.0,123.78,12.28
4097,30.0,1.5,99.0,29.99,1.5,98.51,221231.0,110.62,11.64
4098,30.0,1.5,102.0,29.99,1.5,101.47,203733.0,101.87,11.68
4099,30.0,1.5,105.0,30.0,1.5,104.41,192012.0,96.01,11.87
4100,30.0,1.5,110.0,30.0,1.5,109.34,180926.0,90.46,12.51
4101,30.0,1.5,115.0,30.0,1.5,114.28,175136.0,87.57,13.42
4102,30.0,1.5,120.0,30.0,1.5,119.23,170330.0,85.17,13.75
4103,30.0,1.5,125.0,30.0,1.5,124.22,167883.0,83.94,14.45
4104,30.0,1.5,130.0,30.0,1.5,129.25,165892.0,82.95,15.0
4105,30.0,1.5,135.0,30.0,1.5,134.31,164446.0,82.22,15.28
4106,30.0,1.5,140.0,30.0,1.5,139.4,164881.0,82.44,16.27
4107,30.0,1.5,145.0,30.0,1.5,144.5,164968.0,82.48,16.65
4108,30.0,1.5,150.0,30.0,1.5,149.61,165403.0,82.7,17.09
4109,30.0,1.5,155.0,30.0,1.5,154.69,166922.0,83.46,17.98
4110,30.0,1.5,160.0,30.0,1.5,159.76,166854.0,83.43,17.35
4111,30.0,1.5,165.0,30.0,1.5,164.81,169464.0,84.73,18.37
4112,30.0,1.5,170.0,30.0,1.5,169.84,170490.0,85.25,18.22
4113,30.0,1.5,175.0,30.0,1.5,174.83,172755.0,86.38,18.84
4114,30.0,1.5,180.0,30.0,1.5,179.81,174557.0,87.28,19.49
4127,30.0,2.0,0.0,30.0,2.0,-0.17,156686.0,78.34,19.78
4128,30.0,2.0,5.0,30.0,2.0,4.75,156132.0,78.07,19.39
4129,30.0,2.0,10.0,30.0,2.0,9.69,156641.0,78.32,20.08
4130,30.0,2.0,15.0,30.0,2.0,14.64,155194.0,77.6,19.14
4131,30.0,2.0,20.0,30.0,2.0,19.62,155011.0,77.51,19.35
4132,30.0,2.0,25.0,30.0,2.0,24.63,153370.0,76.69,18.24
4133,30.0,2.0,30.0,30.0,2.0,29.67,152802.0,76.4,18.03
4134,30.0,2.0,35.0,30.0,2.0,34.72,151349.0,75.67,16.85
4135,30.0,2.0,40.0,30.0,2.0,39.77,151555.0,75.78,16.85
4136,30.0,2.0,45.0,29.99,2.0,44.83,150969.0,75.48,15.87
4137,30.0,2.0,50.0,29.99,2.0,49.87,151307.0,75.65,15.19
4138,30.0,2.0,55.0,30.0,2.0,54.9,152478.0,76.24,14.64
4139,30.0,2.0,60.0,30.0,2.0,59.91,154642.0,77.32,13.99
4140,30.0,2.0,65.0,30.0,2.0,64.91,157154.0,78.58,12.96
4141,30.0,2.0,70.0,30.0,2.0,69.88,161875.0,80.94,12.05
4142,30.0,2.0,75.0,30.0,2.0,74.83,171544.0,85.77,11.44
4143,30.0,2.0,78.0,30.0,2.0,77.8,182106.0,91.05,11.06
4144,30.0,2.0,81.0,30.0,2.0,80.75,200623.0,100.31,10.87
4145,30.0,2.0,84.0,30.0,2.0,83.69,234594.0,117.3,11.87
4146,30.0,2.0,86.0,29.99,2.0,85.65,264501.0,132.25,13.72
4147,30.0,2.0,88.0,29.99,2.0,87.61,285784.0,142.89,15.0
4148,30.0,2.0,90.0,29.99,2.0,89.58,290976.0,145.49,15.54
4149,30.0,2.0,92.0,29.99,2.0,91.54,275379.0,137.69,14.4
4150,30.0,2.0,94.0,29.99,2.0,93.5,246316.0,123.16,12.42
4151,30.0,2.0,96.0,30.0,2.0,95.47,219704.0,109.85,11.58
4152,30.0,2.0,99.0,30.0,2.0,98.42,189380.0,94.69,10.68
4153,30.0,2.0,102.0,30.0,2.0,101.37,174056.0,87.03,11.06
4154,30.0,2.0,105.0,30.0,2.0,104.33,165101.0,82.55,11.53
4155,30.0,2.0,110.0,30.0,2.0,109.27,157374.0,78.69,12.58
4156,30.0,2.0,115.0,30.0,2.0,114.25,151783.0,75.89,13.08
4157,30.0,2.0,120.0,30.0,2.0,119.26,148180.0,74.09,13.42
4158,30.0,2.0,125.0,30.0,2.0,124.3,146510.0,73.25,14.44
4159,30.0,2.0,130.0,30.0,2.0,129.38,145509.0,72.75,15.18
4160,30.0,2.0,135.0,30.0,2.0,134.49,144884.0,72.44,15.6
4161,30.0,2.0,140.0,30.0,2.0,139.61,144730.0,72.36,16.15
4162,30.0,2.0,145.0,30.0,2.0,144.74,145902.0,72.95,17.15
4163,30.0,2.0,150.0,30.0,2.0,149.85,145727.0,72.86,17.01
4164,30.0,2.0,155.0,30.0,2.0,154.94,147253.0,73.63,17.74
4165,30.0,2.0,160.0,30.0,2.0,159.99,149154.0,74.58,18.47
4166,30.0,2.0,165.0,30.0,2.0,165.0,150873.0,75.44,18.84
4167,30.0,2.0,170.0,30.0,2.0,170.04,152555.0,76.28,18.98
4168,30.0,2.0,175.0,30.0,2.0,174.96,154809.0,77.4,19.53
4169,30.0,2.0,180.0,30.0,2.0,179.81,156717.0,78.36,20.1
4182,30.0,3.0,0.0,30.0,3.0,-0.18,129416.00000000001,64.71,19.42
4183,30.0,3.0,5.0,30.0,3.0,4.71,129092.0,64.55,19.0
4184,30.0,3.0,10.0,30.0,3.0,9.62,128827.0,64.41,19.35
4185,30.0,3.0,15.0,30.0,3.0,14.56,127671.0,63.84,18.76
4186,30.0,3.0,20.0,30.01,3.0,19.55,126702.0,63.35,18.43
4187,30.0,3.0,25.0,30.0,3.0,24.57,124884.99999999999,62.44,17.42
4188,30.0,3.0,30.0,30.0,3.0,29.62,124153.0,62.08,17.2
4189,30.0,3.0,35.0,30.0,3.0,34.69,124321.0,62.16,17.5
4190,30.0,3.0,40.0,30.0,3.0,39.77,123107.0,61.55,16.56
4191,30.0,3.0,45.0,30.01,3.0,44.85,123036.99999999999,61.52,16.02
4192,30.0,3.0,50.0,30.0,3.0,49.93,123355.0,61.68,15.51
4193,30.0,3.0,55.0,30.01,3.0,54.97,122218.0,61.11,13.97
4194,30.0,3.0,60.0,30.0,3.0,59.99,123422.0,61.71,13.3
4195,30.0,3.0,65.0,30.01,3.0,65.0,124706.0,62.35,12.37
4196,30.0,3.0,70.0,30.0,3.0,69.97,128422.0,64.21,11.71
4197,30.0,3.0,75.0,30.01,3.0,74.91,135257.0,67.63,10.94
4198,30.0,3.0,78.0,30.0,3.0,77.85,142180.0,71.09,10.3
4199,30.0,3.0,81.0,30.0,3.0,80.77,155822.0,77.91,9.94
4200,30.0,3.0,84.0,30.0,3.0,83.68,187375.0,93.69,10.19
4201,30.0,3.0,86.0,30.0,3.0,85.62,227031.0,113.52,11.64
4202,30.0,3.0,88.0,29.99,3.0,87.56,268558.0,134.28,13.92
4203,30.0,3.0,90.0,30.0,3.0,89.49,281573.0,140.79,15.29
4204,30.0,3.0,92.0,29.99,3.0,91.43,249426.00000000003,124.71,13.11
4205,30.0,3.0,94.0,29.99,3.0,93.38,204780.0,102.39,11.04
4206,30.0,3.0,96.0,30.0,3.0,95.38,174596.0,87.3,10.49
4207,30.0,3.0,99.0,30.0,3.0,98.27,146941.0,73.47,9.96
4208,30.0,3.0,102.0,30.0,3.0,101.22,135368.0,67.68,10.3
4209,30.0,3.0,105.0,30.0,3.0,104.19,129159.99999999999,64.58,10.84
4210,30.0,3.0,110.0,30.0,3.0,109.22,123226.0,61.61,11.51
4211,30.0,3.0,115.0,29.99,3.0,114.17,122455.0,61.23,13.38
4212,30.0,3.0,120.0,30.01,3.0,119.21,118938.00000000001,59.47,13.37
4213,30.0,3.0,125.0,29.99,3.0,124.29,118365.00000000001,59.18,14.37
4214,30.0,3.0,130.0,29.99,3.0,129.4,118423.0,59.21,15.4
4215,30.0,3.0,135.0,30.0,3.0,134.53,117753.0,58.88,15.6
4216,30.0,3.0,140.0,30.0,3.0,139.67,117870.0,58.93,16.07
4217,30.0,3.0,145.0,29.99,3.0,144.81,118689.00000000001,59.34,16.95
4218,30.0,3.0,150.0,30.0,3.0,149.92,119450.0,59.72,17.24
4219,30.0,3.0,155.0,30.0,3.0,155.01,120785.99999999999,60.39,17.89
4220,30.0,3.0,160.0,30.0,3.0,160.06,121758.0,60.88,18.04
4221,30.0,3.0,165.0,30.0,3.0,165.07,123591.00000000001,61.8,18.4
4222,30.0,3.0,170.0,30.0,3.0,170.11,125470.0,62.74,18.79
4223,30.0,3.0,175.0,30.0,3.0,175.01,128327.0,64.16,19.86
4224,30.0,3.0,180.0,30.0,3.0,179.88,127783.99999999999,63.89,18.19
4237,30.0,5.0,0.0,30.0,5.0,-0.17,97226.0,48.61,18.13
4238,30.0,5.0,5.0,30.01,5.0,4.69,97506.0,48.75,18.58
4239,30.0,5.0,10.0,29.99,5.0,9.58,96891.0,48.45,18.25
4240,30.0,5.0,15.0,29.99,5.0,14.52,97364.0,48.68,19.71
4241,30.0,5.0,20.0,30.0,5.0,19.52,97209.0,48.6,20.03
4242,30.0,5.0,25.0,30.0,5.0,24.54,95181.0,47.59,17.82
4243,30.0,5.0,30.0,30.0,5.0,29.58,96321.0,48.16,19.07
4244,30.0,5.0,35.0,30.0,5.0,34.62,95740.0,47.87,18.42
4245,30.0,5.0,40.0,30.0,5.0,39.7,94747.0,47.37,17.06
4246,30.0,5.0,45.0,30.0,5.0,44.76,94745.0,47.37,16.73
4247,30.0,5.0,50.0,30.01,5.0,49.83,94420.0,47.21,15.91
4248,30.0,5.0,55.0,30.0,5.0,54.86,93235.0,46.62,14.22
4249,30.0,5.0,60.0,29.99,5.0,59.89,94899.0,47.45,14.37
4250,30.0,5.0,65.0,30.02,5.0,64.87,94407.0,47.2,12.86
4251,30.0,5.0,70.0,30.0,5.0,69.88,97588.0,48.79,12.86
4252,30.0,5.0,75.0,30.0,5.0,74.81,99544.0,49.77,11.15
4253,30.0,5.0,78.0,29.99,5.0,77.75,101044.0,50.52,9.53
4254,30.0,5.0,81.0,30.0,5.0,80.67,111359.99999999999,55.68,9.23
4255,30.0,5.0,84.0,29.98,5.0,83.58,132728.0,66.36,8.79
4256,30.0,5.0,86.0,29.98,5.0,85.52,173652.0,86.83,10.31
4257,30.0,5.0,88.0,29.98,5.0,87.44,242871.99999999997,121.44,12.95
4258,30.0,5.0,90.0,29.99,5.0,89.36,277281.0,138.64,14.79
4259,30.0,5.0,92.0,30.0,5.0,91.29,213936.0,106.97,11.19
4260,30.0,5.0,94.0,30.0,5.0,93.24,159195.0,79.6,10.16
4261,30.0,5.0,96.0,29.98,5.0,95.2,125980.0,62.99,9.2
4262,30.0,5.0,99.0,30.01,5.0,98.15,105416.00000000001,52.71,9.12
4263,30.0,5.0,102.0,30.0,5.0,101.13,96585.0,48.29,9.29
4264,30.0,5.0,105.0,30.0,5.0,104.13,94622.0,47.31,10.55
4265,30.0,5.0,110.0,29.99,5.0,109.07,94043.0,47.02,12.61
4266,30.0,5.0,115.0,30.01,5.0,114.23,93026.0,46.51,13.81
4267,30.0,5.0,120.0,30.0,5.0,119.21,92401.0,46.2,14.95
4268,30.0,5.0,125.0,29.99,5.0,124.42,92537.0,46.27,16.32
4269,30.0,5.0,130.0,30.0,5.0,129.43,92044.0,46.02,16.68
4270,30.0,5.0,135.0,29.99,5.0,134.67,91640.0,45.82,17.32
4271,30.0,5.0,140.0,29.99,5.0,139.8,91438.0,45.72,17.4
4272,30.0,5.0,145.0,30.0,5.0,144.82,91353.0,45.68,17.66
4273,30.0,5.0,150.0,30.01,5.0,149.92,91501.0,45.75,17.85
4274,30.0,5.0,155.0,30.0,5.0,155.12,92581.0,46.29,18.92
4275,30.0,5.0,160.0,30.0,5.0,160.18,92489.0,46.24,17.91
4276,30.0,5.0,165.0,30.0,5.0,165.19,93568.0,46.78,18.41
4277,30.0,5.0,170.0,30.0,5.0,170.15,93363.0,46.68,17.01
4278,30.0,5.0,175.0,29.99,5.0,175.05,96810.0,48.41,18.88
4279,30.0,5.0,180.0,30.01,5.0,179.91,98840.0,49.42,20.37
4292,30.0,7.0,0.0,29.99,7.0,-0.16,78920.0,39.46,18.88
4293,30.0,7.0,5.0,29.99,7.0,4.69,78556.0,39.28,18.6
4294,30.0,7.0,10.0,29.99,7.0,9.59,79090.0,39.55,19.78
4295,30.0,7.0,15.0,30.0,7.0,14.54,77881.0,38.94,18.75
4296,30.0,7.0,20.0,29.99,7.0,19.55,77411.0,38.71,17.96
4297,30.0,7.0,25.0,30.0,7.0,24.57,78307.0,39.15,19.22
4298,30.0,7.0,30.0,30.0,7.0,29.58,77548.0,38.77,17.76
4299,30.0,7.0,35.0,30.0,7.0,34.63,78548.0,39.27,18.74
4300,30.0,7.0,40.0,29.99,7.0,39.67,78440.0,39.22,17.76
4301,30.0,7.0,45.0,30.0,7.0,44.71,78716.0,39.36,17.3
4302,30.0,7.0,50.0,30.0,7.0,49.75,79367.0,39.68,17.06
4303,30.0,7.0,55.0,30.0,7.0,54.76,79205.0,39.6,15.92
4304,30.0,7.0,60.0,30.02,7.0,59.74,77240.0,38.62,11.89
4305,30.0,7.0,65.0,30.02,7.0,64.73,80343.0,40.17,14.65
4306,30.0,7.0,70.0,30.02,7.0,69.69,80832.0,40.42,13.35
4307,30.0,7.0,75.0,30.03,7.0,74.63,79827.0,39.91,10.73
4308,30.0,7.0,78.0,30.02,7.0,77.57,83770.0,41.89,10.7
4309,30.0,7.0,81.0,30.0,7.0,80.52,87630.0,43.81,8.88
4310,30.0,7.0,84.0,29.99,7.0,83.43,106868.0,53.43,8.95
4311,30.0,7.0,86.0,30.0,7.0,85.37,133621.0,66.81,8.64
4312,30.0,7.0,88.0,29.99,7.0,87.3,209069.99999999997,104.54,11.72
4313,30.0,7.0,90.0,30.0,7.0,89.21,275712.0,137.86,14.98
4314,30.0,7.0,92.0,29.99,7.0,91.13,191650.0,95.82,10.54
4315,30.0,7.0,94.0,30.0,7.0,93.08,126653.0,63.33,8.55
4316,30.0,7.0,96.0,29.99,7.0,95.04,99364.0,49.68,8.24
4317,30.0,7.0,99.0,30.02,7.0,98.04,84693.0,42.35,9.12
4318,30.0,7.0,102.0,30.0,7.0,101.01,81057.0,40.53,10.39
4319,30.0,7.0,105.0,30.0,7.0,104.03,79047.0,39.52,11.62
4320,30.0,7.0,110.0,30.0,7.0,109.11,77615.0,38.81,12.56
4321,30.0,7.0,115.0,29.99,7.0,114.21,77758.0,38.88,14.45
4322,30.0,7.0,120.0,29.99,7.0,119.32,77705.0,38.85,15.75
4323,30.0,7.0,125.0,29.99,7.0,124.43,77531.0,38.77,16.63
4324,30.0,7.0,130.0,30.0,7.0,129.56,77077.0,38.54,17.4
4325,30.0,7.0,135.0,29.99,7.0,134.69,77190.0,38.59,18.77
4326,30.0,7.0,140.0,30.0,7.0,139.81,75224.0,37.61,17.17
4327,30.0,7.0,145.0,29.99,7.0,144.92,75356.0,37.68,18.07
4328,30.0,7.0,150.0,29.99,7.0,150.02,75335.0,37.67,18.52
4329,30.0,7.0,155.0,29.99,7.0,155.09,74942.0,37.47,18.05
4330,30.0,7.0,160.0,30.0,7.0,160.14,74787.0,37.39,17.73
4331,30.0,7.0,165.0,30.0,7.0,165.16,76189.0,38.09,19.07
4332,30.0,7.0,170.0,29.99,7.0,170.12,76023.0,38.01,17.83
4333,30.0,7.0,175.0,29.99,7.0,175.05,77641.0,38.82,18.22
4334,30.0,7.0,180.0,29.99,7.0,179.92,78705.0,39.35,18.76
4347,30.0,8.0,0.0,29.99,8.0,-0.16,71757.0,35.88,18.76
4348,30.0,8.0,5.0,29.99,8.0,4.68,71385.0,35.69,18.3
4349,30.0,8.0,10.0,30.0,8.0,9.59,71138.0,35.57,18.52
4350,30.0,8.0,15.0,30.0,8.0,14.56,70759.0,35.38,18.04
4351,30.0,8.0,20.0,30.0,8.0,19.56,70964.0,35.48,18.23
4352,30.0,8.0,25.0,30.0,8.0,24.58,70965.0,35.48,18.01
4353,30.0,8.0,30.0,30.0,8.0,29.59,71271.0,35.64,18.06
4354,30.0,8.0,35.0,30.0,8.0,34.61,71825.0,35.91,18.41
4355,30.0,8.0,40.0,30.0,8.0,39.66,72565.0,36.28,18.01
4356,30.0,8.0,45.0,29.99,8.0,44.7,71936.0,35.97,16.29
4357,30.0,8.0,50.0,29.99,8.0,49.72,74491.0,37.25,18.07
4358,30.0,8.0,55.0,29.99,8.0,54.73,74322.0,37.16,16.87
4359,30.0,8.0,60.0,30.03,8.0,59.7,74488.0,37.24,15.8
4360,30.0,8.0,65.0,30.02,8.0,64.68,74876.0,37.44,14.88
4361,30.0,8.0,70.0,30.02,8.0,69.64,73751.0,36.88,12.65
4362,30.0,8.0,75.0,30.03,8.0,74.55,74636.0,37.32,11.23
4363,30.0,8.0,78.0,29.99,8.0,77.52,76787.0,38.39,10.71
4364,30.0,8.0,81.0,29.99,8.0,80.45,79790.0,39.9,9.04
4365,30.0,8.0,84.0,29.99,8.0,83.36,97422.0,48.71,8.85
4366,30.0,8.0,86.0,29.99,8.0,85.29,126094.0,63.05,9.37
4367,30.0,8.0,88.0,29.99,8.0,87.22,188997.0,94.5,10.44
4368,30.0,8.0,90.0,29.99,8.0,89.14,277443.0,138.72,15.67
4369,30.0,8.0,92.0,29.99,8.0,91.05,186407.0,93.2,10.75
4370,30.0,8.0,94.0,29.99,8.0,93.01,119899.0,59.95,8.75
4371,30.0,8.0,96.0,30.0,8.0,94.96,91885.0,45.94,8.32
4372,30.0,8.0,99.0,30.0,8.0,97.95,77754.0,38.88,9.05
4373,30.0,8.0,102.0,29.99,8.0,100.96,73267.0,36.63,9.98
4374,30.0,8.0,105.0,30.0,8.0,104.01,72257.0,36.13,10.91
4375,30.0,8.0,110.0,29.99,8.0,109.09,72200.0,36.1,12.65
4376,30.0,8.0,115.0,29.99,8.0,114.21,74426.0,37.21,16.57
4377,30.0,8.0,120.0,30.0,8.0,119.32,72518.0,36.26,15.83
4378,30.0,8.0,125.0,30.0,8.0,124.44,71569.0,35.78,16.28
4379,30.0,8.0,130.0,30.0,8.0,129.57,71134.0,35.57,16.99
4380,30.0,8.0,135.0,30.0,8.0,134.69,71099.0,35.55,18.45
4381,30.0,8.0,140.0,30.0,8.0,139.8,69877.0,34.94,17.82
4382,30.0,8.0,145.0,29.99,8.0,144.9,69062.0,34.53,17.62
4383,30.0,8.0,150.0,30.0,8.0,150.0,68247.0,34.12,17.12
4384,30.0,8.0,155.0,30.0,8.0,155.06,68274.0,34.14,17.42
4385,30.0,8.0,160.0,30.0,8.0,160.11,68058.0,34.03,17.29
4386,30.0,8.0,165.0,29.99,8.0,165.12,68693.0,34.35,16.7
4387,30.0,8.0,170.0,30.0,8.0,170.0,70068.0,35.03,18.73
4388,30.0,8.0,175.0,29.99,8.0,175.04,71099.0,35.55,18.81
4389,30.0,8.0,180.0,29.99,8.0,179.91,71620.0,35.81,18.45
5117,35.0,1.0,0.0,34.98,1.0,-0.14,167474.0,83.74,18.41
5118,35.0,1.0,5.0,34.98,1.0,4.91,167597.0,83.8,18.27
5119,35.0,1.0,10.0,34.99,1.0,9.94,167665.0,83.83,18.32
5120,35.0,1.0,15.0,34.98,1.0,14.97,167730.0,83.86,18.48
5121,35.0,1.0,20.0,34.99,1.0,20.0,166879.0,83.44,17.96
5122,35.0,1.0,25.0,34.99,1.0,25.01,166225.0,83.11,17.63
5123,35.0,1.0,30.0,34.99,1.0,30.0,165070.0,82.53,16.95
5124,35.0,1.0,35.0,34.99,1.0,34.98,164237.0,82.12,16.44
5125,35.0,1.0,40.0,34.99,1.0,39.94,163711.0,81.86,15.97
5126,35.0,1.0,45.0,34.99,1.0,44.87,163868.0,81.93,15.73
5127,35.0,1.0,50.0,34.99,1.0,49.79,163071.0,81.54,14.65
5128,35.0,1.0,55.0,34.99,1.0,54.71,164263.0,82.13,14.4
5129,35.0,1.0,60.0,34.99,1.0,59.63,164846.0,82.42,13.4
5130,35.0,1.0,65.0,34.99,1.0,64.58,167309.0,83.65,12.76
5131,35.0,1.0,70.0,34.99,1.0,69.55,171842.0,85.92,12.02
5132,35.0,1.0,75.0,34.99,1.0,74.56,181354.0,90.68,11.42
5133,35.0,1.0,78.0,34.98,1.0,77.57,191949.0,95.97,11.41
5134,35.0,1.0,81.0,34.98,1.0,80.57,206191.0,103.1,11.56
5135,35.0,1.0,84.0,34.98,1.0,83.58,224864.0,112.43,12.67
5136,35.0,1.0,86.0,34.98,1.0,85.6,235673.99999999997,117.84,13.5
5137,35.0,1.0,88.0,34.98,1.0,87.61,242394.0,121.2,14.06
5138,35.0,1.0,90.0,34.97,1.0,89.62,243317.0,121.66,14.14
5139,35.0,1.0,92.0,34.99,1.0,91.63,237617.99999999997,118.81,13.65
5140,35.0,1.0,94.0,34.97,1.0,93.63,226828.00000000003,113.41,12.71
5141,35.0,1.0,96.0,34.98,1.0,95.63,214617.0,107.31,12.12
5142,35.0,1.0,99.0,34.98,1.0,98.61,196144.0,98.07,11.24
5143,35.0,1.0,102.0,34.98,1.0,101.58,182588.0,91.29,11.12
5144,35.0,1.0,105.0,34.98,1.0,104.54,173700.0,86.85,11.27
5145,35.0,1.0,110.0,34.99,1.0,109.46,165478.0,82.74,12.03
5146,35.0,1.0,115.0,34.99,1.0,114.36,161362.0,80.68,12.73
5147,35.0,1.0,120.0,34.99,1.0,119.27,158668.0,79.33,13.29
5148,35.0,1.0,125.0,34.99,1.0,124.19,157217.0,78.61,13.83
5149,35.0,1.0,130.0,34.99,1.0,129.15,157119.0,78.56,14.74
5150,35.0,1.0,135.0,34.99,1.0,134.14,156391.0,78.2,14.89
5151,35.0,1.0,140.0,34.99,1.0,139.17,157002.0,78.5,15.59
5152,35.0,1.0,145.0,34.99,1.0,144.23,157262.0,78.63,15.62
5153,35.0,1.0,150.0,34.99,1.0,149.3,158668.0,79.33,16.45
5154,35.0,1.0,155.0,34.99,1.0,154.38,159687.0,79.84,16.63
5155,35.0,1.0,160.0,34.99,1.0,159.47,161672.0,80.84,17.62
5156,35.0,1.0,165.0,34.99,1.0,164.56,163055.0,81.53,17.63
5157,35.0,1.0,170.0,34.99,1.0,169.65,164036.0,82.02,17.36
5158,35.0,1.0,175.0,34.99,1.0,174.72,165744.0,82.87,17.88
5159,35.0,1.0,180.0,34.99,1.0,179.79,166857.0,83.43,18.09
5172,35.0,1.5,0.0,34.98,1.5,-0.15,146438.0,73.22,18.78
5173,35.0,1.5,5.0,34.99,1.5,4.83,146727.0,73.36,18.95
5174,35.0,1.5,10.0,34.99,1.5,9.8,146124.0,73.06,18.54
5175,35.0,1.5,15.0,34.99,1.5,14.8,146119.0,73.06,19.0
5176,35.0,1.5,20.0,34.99,1.5,19.8,144910.0,72.46,18.42
5177,35.0,1.5,25.0,34.99,1.5,24.81,143610.0,71.81,17.99
5178,35.0,1.5,30.0,34.99,1.5,29.83,142377.0,71.19,17.66
5179,35.0,1.5,35.0,34.99,1.5,34.85,140625.0,70.31,16.69
5180,35.0,1.5,40.0,34.99,1.5,39.87,139033.0,69.52,15.91
5181,35.0,1.5,45.0,34.99,1.5,44.86,138363.0,69.18,15.5
5182,35.0,1.5,50.0,34.99,1.5,49.86,136953.0,68.48,14.44
5183,35.0,1.5,55.0,34.99,1.5,54.83,137588.0,68.79,14.31
5184,35.0,1.5,60.0,34.99,1.5,59.8,137136.0,68.57,13.26
5185,35.0,1.5,65.0,34.99,1.5,64.77,139018.0,69.51,12.91
5186,35.0,1.5,70.0,34.99,1.5,69.74,140217.0,70.11,11.62
5187,35.0,1.5,75.0,34.99,1.5,74.72,145756.0,72.88,10.86
5188,35.0,1.5,78.0,34.99,1.5,77.71,152981.0,76.49,10.48
5189,35.0,1.5,81.0,34.99,1.5,80.68,166497.0,83.25,10.19
5190,35.0,1.5,84.0,34.98,1.5,83.66,191430.0,95.72,10.84
5191,35.0,1.5,86.0,34.98,1.5,85.64,212455.00000000003,106.23,12.04
5192,35.0,1.5,88.0,34.98,1.5,87.63,228711.0,114.36,13.31
5193,35.0,1.5,90.0,34.98,1.5,89.61,232810.0,116.4,13.86
5194,35.0,1.5,92.0,34.98,1.5,91.6,220061.0,110.03,12.52
5195,35.0,1.5,94.0,34.98,1.5,93.58,199408.0,99.7,11.35
5196,35.0,1.5,96.0,34.98,1.5,95.56,178891.0,89.45,10.44
5197,35.0,1.5,99.0,34.98,1.5,98.52,157572.0,78.79,10.1
5198,35.0,1.5,102.0,34.99,1.5,101.48,146961.0,73.48,10.63
5199,35.0,1.5,105.0,34.99,1.5,104.43,140604.0,70.3,10.98
5200,35.0,1.5,110.0,34.99,1.5,109.36,134829.0,67.41,11.41
5201,35.0,1.5,115.0,34.99,1.5,114.3,133153.0,66.58,12.5
5202,35.0,1.5,120.0,34.99,1.5,119.25,132524.0,66.26,13.45
5203,35.0,1.5,125.0,34.99,1.5,124.24,131756.0,65.88,13.91
5204,35.0,1.5,130.0,34.99,1.5,129.27,132233.0,66.12,14.82
5205,35.0,1.5,135.0,34.99,1.5,134.33,132172.0,66.09,15.09
5206,35.0,1.5,140.0,34.99,1.5,139.42,133465.0,66.73,15.92
5207,35.0,1.5,145.0,34.99,1.5,144.52,135060.0,67.53,16.81
5208,35.0,1.5,150.0,34.99,1.5,149.62,135570.0,67.78,16.56
5209,35.0,1.5,155.0,34.99,1.5,154.7,137658.0,68.83,17.41
5210,35.0,1.5,160.0,34.99,1.5,159.77,139539.0,69.77,17.92
5211,35.0,1.5,165.0,34.99,1.5,164.81,141701.0,70.85,18.65
5212,35.0,1.5,170.0,34.99,1.5,169.83,142674.0,71.34,17.91
5213,35.0,1.5,175.0,34.99,1.5,174.82,144853.0,72.43,18.51
5214,35.0,1.5,180.0,34.99,1.5,179.81,146507.0,73.25,19.03
5227,35.0,2.0,0.0,34.98,2.0,-0.18,132420.0,66.21,19.72
5228,35.0,2.0,5.0,34.99,2.0,4.75,132122.0,66.06,18.95
5229,35.0,2.0,10.0,34.99,2.0,9.67,131629.0,65.81,19.11
5230,35.0,2.0,15.0,34.99,2.0,14.62,130927.0,65.46,19.19
5231,35.0,2.0,20.0,34.99,2.0,19.61,129653.0,64.83,18.74
5232,35.0,2.0,25.0,34.99,2.0,24.62,128389.00000000001,64.19,18.47
5233,35.0,2.0,30.0,34.99,2.0,29.66,126772.0,63.39,17.89
5234,35.0,2.0,35.0,34.99,2.0,34.71,125404.0,62.7,17.45
5235,35.0,2.0,40.0,34.99,2.0,39.77,123701.0,61.85,16.49
5236,35.0,2.0,45.0,34.99,2.0,44.82,123065.00000000001,61.53,16.27
5237,35.0,2.0,50.0,34.99,2.0,49.87,121353.0,60.68,15.09
5238,35.0,2.0,55.0,34.99,2.0,54.89,120208.0,60.1,14.12
5239,35.0,2.0,60.0,34.99,2.0,59.9,120703.0,60.35,13.93
5240,35.0,2.0,65.0,34.99,2.0,64.9,120508.99999999999,60.25,12.76
5241,35.0,2.0,70.0,34.99,2.0,69.88,121077.0,60.54,11.61
5242,35.0,2.0,75.0,34.99,2.0,74.84,124049.0,62.02,10.52
5243,35.0,2.0,78.0,34.99,2.0,77.8,128674.0,64.34,9.85
5244,35.0,2.0,81.0,34.99,2.0,80.75,139569.0,69.78,9.48
5245,35.0,2.0,84.0,34.99,2.0,83.71,164001.0,82.0,9.64
5246,35.0,2.0,86.0,34.99,2.0,85.67,192062.0,96.03,10.83
5247,35.0,2.0,88.0,34.98,2.0,87.63,219862.0,109.93,12.89
5248,35.0,2.0,90.0,34.99,2.0,89.61,225907.00000000003,112.95,13.16
5249,35.0,2.0,92.0,34.98,2.0,91.56,206567.99999999997,103.28,11.84
5250,35.0,2.0,94.0,34.98,2.0,93.52,175152.0,87.58,9.98
5251,35.0,2.0,96.0,34.98,2.0,95.49,151548.0,75.77,9.33
5252,35.0,2.0,99.0,34.99,2.0,98.44,133115.0,66.56,9.69
5253,35.0,2.0,102.0,34.99,2.0,101.39,124272.0,62.14,10.17
5254,35.0,2.0,105.0,34.99,2.0,104.35,120232.0,60.12,10.74
5255,35.0,2.0,110.0,34.99,2.0,109.3,116779.0,58.39,11.55
5256,35.0,2.0,115.0,34.99,2.0,114.28,116058.99999999999,58.03,12.62
5257,35.0,2.0,120.0,34.99,2.0,119.29,115374.0,57.69,13.33
5258,35.0,2.0,125.0,34.99,2.0,124.33,115824.0,57.91,14.22
5259,35.0,2.0,130.0,34.99,2.0,129.41,116339.00000000001,58.17,14.97
5260,35.0,2.0,135.0,34.99,2.0,134.52,116959.99999999999,58.48,15.5
5261,35.0,2.0,140.0,34.99,2.0,139.64,118248.0,59.12,16.47
5262,35.0,2.0,145.0,34.99,2.0,144.77,119353.0,59.68,16.8
5263,35.0,2.0,150.0,34.99,2.0,149.87,120897.0,60.45,17.29
5264,35.0,2.0,155.0,34.99,2.0,155.01,122131.0,61.07,17.42
5265,35.0,2.0,160.0,34.99,2.0,160.0,124470.0,62.24,18.26
5266,35.0,2.0,165.0,34.99,2.0,165.01,125774.0,62.89,18.1
5267,35.0,2.0,170.0,34.99,2.0,169.98,128945.0,64.47,19.33
5268,35.0,2.0,175.0,34.99,2.0,174.9,130047.0,65.02,18.74
5269,35.0,2.0,180.0,34.99,2.0,179.81,131875.0,65.94,19.23
5282,35.0,3.0,0.0,35.0,3.0,-0.18,109119.0,54.56,18.38
5283,35.0,3.0,5.0,34.99,3.0,4.72,109631.0,54.82,18.99
5284,35.0,3.0,10.0,34.99,3.0,9.63,109659.99999999999,54.83,19.5
5285,35.0,3.0,15.0,34.99,3.0,14.57,106867.0,53.43,17.4
5286,35.0,3.0,20.0,34.99,3.0,19.56,107407.0,53.7,18.99
5287,35.0,3.0,25.0,35.0,3.0,24.59,105786.99999999999,52.89,18.0
5288,35.0,3.0,30.0,35.01,3.0,29.65,104533.0,52.27,17.82
5289,35.0,3.0,35.0,35.01,3.0,34.73,102999.0,51.5,17.14
5290,35.0,3.0,40.0,35.0,3.0,39.81,101398.0,50.7,16.08
5291,35.0,3.0,45.0,35.0,3.0,44.88,100435.0,50.22,15.77
5292,35.0,3.0,50.0,35.0,3.0,49.96,99549.0,49.77,15.18
5293,35.0,3.0,55.0,35.0,3.0,55.01,97652.0,48.83,13.86
5294,35.0,3.0,60.0,35.01,3.0,60.06,97368.0,48.68,13.51
5295,35.0,3.0,65.0,35.0,3.0,65.06,96921.0,48.46,12.69
5296,35.0,3.0,70.0,35.01,3.0,70.04,97439.0,48.72,11.99
5297,35.0,3.0,75.0,35.03,3.0,74.98,96079.0,48.04,9.92
5298,35.0,3.0,78.0,35.0,3.0,77.92,99619.0,49.81,9.35
5299,35.0,3.0,81.0,34.99,3.0,80.85,106544.0,53.27,8.83
5300,35.0,3.0,84.0,35.0,3.0,83.77,126532.0,63.27,8.55
5301,35.0,3.0,86.0,34.99,3.0,85.71,161370.0,80.68,9.77
5302,35.0,3.0,88.0,34.98,3.0,87.65,201951.0,100.98,11.42
5303,35.0,3.0,90.0,34.99,3.0,89.58,216189.0,108.09,12.67
5304,35.0,3.0,92.0,34.99,3.0,91.52,176611.0,88.31,10.02
5305,35.0,3.0,94.0,35.0,3.0,93.48,138101.0,69.05,8.9
5306,35.0,3.0,96.0,34.99,3.0,95.43,112844.0,56.42,8.04
5307,35.0,3.0,99.0,35.01,3.0,98.36,102579.0,51.29,9.37
5308,35.0,3.0,102.0,35.0,3.0,101.32,94527.0,47.26,9.26
5309,35.0,3.0,105.0,35.0,3.0,104.24,93931.0,46.97,10.34
5310,35.0,3.0,110.0,35.0,3.0,109.21,93223.0,46.61,11.43
5311,35.0,3.0,115.0,34.99,3.0,114.28,93082.0,46.54,12.34
5312,35.0,3.0,120.0,35.0,3.0,119.33,93343.0,46.67,12.97
5313,35.0,3.0,125.0,35.01,3.0,124.34,94572.0,47.29,14.28
5314,35.0,3.0,130.0,34.99,3.0,129.45,95463.0,47.73,15.06
5315,35.0,3.0,135.0,35.0,3.0,134.58,96076.0,48.04,15.48
5316,35.0,3.0,140.0,35.0,3.0,139.71,97200.0,48.6,16.24
5317,35.0,3.0,145.0,34.99,3.0,144.91,97934.0,48.97,16.53
5318,35.0,3.0,150.0,35.01,3.0,149.96,99518.0,49.76,17.11
5319,35.0,3.0,155.0,34.99,3.0,155.13,100542.0,50.27,17.2
5320,35.0,3.0,160.0,35.01,3.0,160.18,100585.0,50.29,16.27
5321,35.0,3.0,165.0,34.99,3.0,165.18,103372.0,51.69,17.49
5322,35.0,3.0,170.0,35.01,3.0,170.05,105922.0,52.96,18.19
5323,35.0,3.0,175.0,35.0,3.0,175.02,106898.0,53.45,17.64
5324,35.0,3.0,180.0,34.99,3.0,179.89,108084.99999999999,54.04,17.53
5337,35.0,5.0,0.0,34.99,5.0,-0.16,81939.0,40.97,17.43
5338,35.0,5.0,5.0,34.98,5.0,4.69,79227.0,39.61,15.02
5339,35.0,5.0,10.0,34.99,5.0,9.6,82057.0,41.03,17.77
5340,35.0,5.0,15.0,35.0,5.0,14.55,81332.0,40.67,18.19
5341,35.0,5.0,20.0,35.01,5.0,19.55,79937.0,39.97,16.8
5342,35.0,5.0,25.0,35.0,5.0,24.57,79534.0,39.77,16.73
5343,35.0,5.0,30.0,35.0,5.0,29.63,78499.0,39.25,16.06
5344,35.0,5.0,35.0,34.99,5.0,34.69,78545.0,39.27,16.28
5345,35.0,5.0,40.0,35.0,5.0,39.76,79148.0,39.57,17.23
5346,35.0,5.0,45.0,35.0,5.0,44.83,78837.0,39.42,16.99
5347,35.0,5.0,50.0,34.99,5.0,49.89,80156.0,40.08,18.83
5348,35.0,5.0,55.0,34.99,5.0,54.94,77949.0,38.97,15.98
5349,35.0,5.0,60.0,35.02,5.0,59.95,77344.0,38.67,15.36
5350,35.0,5.0,65.0,35.02,5.0,64.95,74945.0,37.47,13.42
5351,35.0,5.0,70.0,35.02,5.0,69.94,74227.0,37.11,12.78
5352,35.0,5.0,75.0,35.03,5.0,74.88,71783.0,35.89,10.3
5353,35.0,5.0,78.0,35.02,5.0,77.82,72323.0,36.16,9.42
5354,35.0,5.0,81.0,35.0,5.0,80.76,74341.0,37.17,8.17
5355,35.0,5.0,84.0,35.0,5.0,83.67,90796.0,45.4,8.38
5356,35.0,5.0,86.0,35.01,5.0,85.6,113778.0,56.89,8.15
5357,35.0,5.0,88.0,35.0,5.0,87.54,177550.0,88.78,10.87
5358,35.0,5.0,90.0,35.0,5.0,89.46,212846.0,106.42,12.57
5359,35.0,5.0,92.0,35.0,5.0,91.39,143490.0,71.75,8.79
5360,35.0,5.0,94.0,35.0,5.0,93.34,100554.0,50.28,7.94
5361,35.0,5.0,96.0,35.0,5.0,95.29,82200.0,41.1,8.09
5362,35.0,5.0,99.0,35.01,5.0,98.23,73291.0,36.65,8.93
5363,35.0,5.0,102.0,35.03,5.0,101.2,73147.0,36.57,10.85
5364,35.0,5.0,105.0,35.0,5.0,104.21,72529.0,36.26,11.73
5365,35.0,5.0,110.0,35.0,5.0,109.23,73193.0,36.6,13.05
5366,35.0,5.0,115.0,35.0,5.0,114.3,73991.0,37.0,14.33
5367,35.0,5.0,120.0,35.0,5.0,119.38,74430.0,37.21,15.03
5368,35.0,5.0,125.0,35.0,5.0,124.39,75622.0,37.81,16.53
5369,35.0,5.0,130.0,35.01,5.0,129.5,75553.0,37.78,16.39
5370,35.0,5.0,135.0,35.0,5.0,134.72,75799.0,37.9,16.74
5371,35.0,5.0,140.0,35.0,5.0,139.76,75705.0,37.85,16.73
5372,35.0,5.0,145.0,35.0,5.0,144.97,75733.0,37.87,16.63
5373,35.0,5.0,150.0,34.99,5.0,150.07,76046.0,38.02,16.79
5374,35.0,5.0,155.0,34.99,5.0,155.16,79199.0,39.6,21.28
5375,35.0,5.0,160.0,34.99,5.0,160.2,78512.0,39.26,18.57
5376,35.0,5.0,165.0,34.99,5.0,165.21,78957.0,39.48,17.99
5377,35.0,5.0,170.0,34.99,5.0,170.16,81343.0,40.67,19.99
5378,35.0,5.0,175.0,34.99,5.0,175.05,82320.0,41.16,18.67
5379,35.0,5.0,180.0,35.0,5.0,179.91,85519.0,42.76,17.23
5392,35.0,7.0,0.0,34.98,7.0,-0.15,66030.0,33.01,17.55
5393,35.0,7.0,5.0,34.99,7.0,4.69,66410.0,33.2,18.66
5394,35.0,7.0,10.0,34.99,7.0,9.61,65924.0,32.96,18.44
5395,35.0,7.0,15.0,34.99,7.0,14.58,64324.0,32.16,16.4
5396,35.0,7.0,20.0,35.0,7.0,19.58,64191.0,32.1,16.53
5397,35.0,7.0,25.0,34.99,7.0,24.61,64852.0,32.43,17.5
5398,35.0,7.0,30.0,35.0,7.0,29.65,64304.99999999999,32.15,16.39
5399,35.0,7.0,35.0,34.99,7.0,34.69,63765.0,31.88,15.41
5400,35.0,7.0,40.0,34.98,7.0,39.74,65774.0,32.89,17.53
5401,35.0,7.0,45.0,35.0,7.0,44.79,65369.00000000001,32.68,16.71
5402,35.0,7.0,50.0,35.0,7.0,49.84,65793.0,32.9,16.88
5403,35.0,7.0,55.0,34.99,7.0,54.87,64857.00000000001,32.43,15.02
5404,35.0,7.0,60.0,35.02,7.0,59.86,64758.00000000001,32.38,15.05
5405,35.0,7.0,65.0,35.01,7.0,64.86,65222.0,32.61,15.27
5406,35.0,7.0,70.0,35.01,7.0,69.82,62733.00000000001,31.37,13.14
5407,35.0,7.0,75.0,35.02,7.0,74.76,61859.0,30.93,12.06
5408,35.0,7.0,78.0,35.02,7.0,77.7,59119.00000000001,29.56,9.66
5409,35.0,7.0,81.0,35.02,7.0,80.63,59636.0,29.82,8.15
5410,35.0,7.0,84.0,35.03,7.0,83.54,65423.0,32.71,6.8
5411,35.0,7.0,86.0,35.0,7.0,85.5,88108.0,44.05,7.29
5412,35.0,7.0,88.0,35.0,7.0,87.43,146238.0,73.12,9.23
5413,35.0,7.0,90.0,34.99,7.0,89.35,209950.0,104.98,12.29
5414,35.0,7.0,92.0,35.0,7.0,91.27,125977.0,62.99,8.79
5415,35.0,7.0,94.0,35.0,7.0,93.21,81592.0,40.8,7.69
5416,35.0,7.0,96.0,35.02,7.0,95.16,62654.99999999999,31.33,7.1
5417,35.0,7.0,99.0,35.03,7.0,98.13,59007.00000000001,29.5,8.9
5418,35.0,7.0,102.0,35.02,7.0,101.13,57597.0,28.8,9.72
5419,35.0,7.0,105.0,35.01,7.0,104.16,62171.0,31.09,13.36
5420,35.0,7.0,110.0,34.99,7.0,109.23,62191.0,31.1,13.78
5421,35.0,7.0,115.0,35.0,7.0,114.31,62891.0,31.45,14.73
5422,35.0,7.0,120.0,35.0,7.0,119.41,64187.0,32.09,16.61
5423,35.0,7.0,125.0,34.99,7.0,124.52,63888.0,31.94,16.64
5424,35.0,7.0,130.0,35.0,7.0,129.52,63729.0,31.86,17.0
5425,35.0,7.0,135.0,34.99,7.0,134.75,63109.0,31.55,16.82
5426,35.0,7.0,140.0,35.0,7.0,139.75,62848.0,31.42,17.15
5427,35.0,7.0,145.0,34.99,7.0,144.96,61953.0,30.98,16.29
5428,35.0,7.0,150.0,35.0,7.0,149.94,62360.0,31.18,17.08
5429,35.0,7.0,155.0,34.99,7.0,155.11,62667.99999999999,31.33,17.55
5430,35.0,7.0,160.0,34.99,7.0,160.16,62986.0,31.49,17.84
5431,35.0,7.0,165.0,34.99,7.0,165.17,62998.0,31.5,17.48
5432,35.0,7.0,170.0,34.99,7.0,170.13,64157.00000000001,32.08,17.93
5433,35.0,7.0,175.0,34.99,7.0,175.05,64640.0,32.32,16.78
5447,35.0,8.0,0.0,34.99,8.0,-0.15,59152.0,29.58,16.44
5448,35.0,8.0,5.0,35.01,8.0,4.69,60135.0,30.07,18.47
5449,35.0,8.0,10.0,35.0,8.0,9.61,57983.00000000001,28.99,15.7
5450,35.0,8.0,15.0,35.0,8.0,14.59,57829.99999999999,28.92,15.75
5451,35.0,8.0,20.0,34.99,8.0,19.59,57396.0,28.7,14.89
5452,35.0,8.0,25.0,34.99,8.0,24.62,58892.99999999999,29.45,17.04
5453,35.0,8.0,30.0,34.99,8.0,29.65,59130.99999999999,29.57,17.12
5454,35.0,8.0,35.0,34.99,8.0,34.69,57322.0,28.66,14.07
5455,35.0,8.0,40.0,35.0,8.0,39.73,58602.0,29.3,15.29
5456,35.0,8.0,45.0,34.99,8.0,44.78,60004.0,30.0,16.19
5457,35.0,8.0,50.0,34.99,8.0,49.82,61348.0,30.67,17.43
5458,35.0,8.0,55.0,35.02,8.0,54.83,61254.0,30.63,16.54
5459,35.0,8.0,60.0,35.01,8.0,59.83,60712.0,30.36,15.39
5460,35.0,8.0,65.0,35.02,8.0,64.82,61889.0,30.94,17.0
5461,35.0,8.0,70.0,35.02,8.0,69.79,59540.0,29.77,13.82
5462,35.0,8.0,75.0,35.02,8.0,74.72,58091.99999999999,29.05,12.37
5463,35.0,8.0,78.0,35.01,8.0,77.66,56209.0,28.1,10.52
5464,35.0,8.0,81.0,35.02,8.0,80.58,54848.0,27.42,8.23
5465,35.0,8.0,84.0,35.02,8.0,83.5,66944.0,33.47,8.91
5466,35.0,8.0,86.0,35.0,8.0,85.46,79719.0,39.86,7.33
5467,35.0,8.0,88.0,35.0,8.0,87.39,136560.0,68.28,9.26
5468,35.0,8.0,90.0,35.0,8.0,89.31,212721.0,106.36,13.32
5469,35.0,8.0,92.0,34.99,8.0,91.23,112217.0,56.11,7.66
5470,35.0,8.0,94.0,35.0,8.0,93.17,79263.0,39.63,8.63
5471,35.0,8.0,96.0,35.02,8.0,95.12,60597.0,30.3,7.99
5472,35.0,8.0,99.0,35.02,8.0,98.1,54989.0,27.49,9.16
5473,35.0,8.0,102.0,35.01,8.0,101.12,55046.0,27.52,10.67
5474,35.0,8.0,105.0,35.01,8.0,104.15,58370.00000000001,29.19,13.77
5475,35.0,8.0,110.0,35.0,8.0,109.24,58908.00000000001,29.45,14.66
5476,35.0,8.0,115.0,34.99,8.0,114.34,60580.99999999999,30.29,16.7
5477,35.0,8.0,120.0,35.0,8.0,119.45,58995.00000000001,29.5,15.36
5478,35.0,8.0,125.0,35.0,8.0,124.55,59660.0,29.83,17.05
5479,35.0,8.0,130.0,34.99,8.0,129.66,57847.0,28.92,15.42
5480,35.0,8.0,135.0,35.0,8.0,134.77,58939.0,29.47,17.92
5481,35.0,8.0,140.0,34.99,8.0,139.86,57758.00000000001,28.88,16.74
5482,35.0,8.0,145.0,35.0,8.0,144.96,57527.0,28.76,17.43
5483,35.0,8.0,150.0,35.0,8.0,150.04,56979.0,28.49,16.71
5484,35.0,8.0,155.0,35.0,8.0,155.1,56141.0,28.07,16.09
5485,35.0,8.0,160.0,34.99,8.0,160.14,56149.0,28.07,15.87
5486,35.0,8.0,165.0,35.0,8.0,165.15,54883.00000000001,27.44,13.97
5487,35.0,8.0,170.0,34.99,8.0,170.12,56750.0,28.38,15.17
5488,35.0,8.0,175.0,35.0,8.0,175.06,56291.0,28.15,14.3
5489,35.0,8.0,180.0,34.99,8.0,179.92,56914.0,28.46,14.12
6217,40.0,1.0,0.0,40.0,1.0,-0.14,139967.0,69.98,18.07
6218,40.0,1.0,5.0,40.0,1.0,4.9,140616.0,70.31,18.4
6219,40.0,1.0,10.0,40.0,1.0,9.94,140452.0,70.23,18.29
6220,40.0,1.0,15.0,40.0,1.0,14.98,139951.0,69.98,18.14
6221,40.0,1.0,20.0,39.99,1.0,20.01,138956.0,69.48,17.8
6222,40.0,1.0,25.0,39.99,1.0,25.02,137768.0,68.88,17.36
6223,40.0,1.0,30.0,39.99,1.0,30.01,136413.0,68.21,16.91
6224,40.0,1.0,35.0,39.99,1.0,34.99,135408.0,67.7,16.75
6225,40.0,1.0,40.0,39.99,1.0,39.95,133822.0,66.91,16.07
6226,40.0,1.0,45.0,39.99,1.0,44.88,132757.0,66.38,15.73
6227,40.0,1.0,50.0,39.99,1.0,49.81,131690.0,65.85,15.11
6228,40.0,1.0,55.0,39.99,1.0,54.73,130173.0,65.09,14.01
6229,40.0,1.0,60.0,39.99,1.0,59.65,129916.00000000001,64.96,13.47
6230,40.0,1.0,65.0,39.99,1.0,64.6,130303.0,65.15,12.89
6231,40.0,1.0,70.0,39.99,1.0,69.57,130683.99999999999,65.34,11.72
6232,40.0,1.0,75.0,39.99,1.0,74.57,134122.0,67.06,10.77
6233,40.0,1.0,78.0,40.0,1.0,77.59,139460.0,69.73,10.25
6234,40.0,1.0,81.0,40.0,1.0,80.6,150155.0,75.08,10.26
6235,40.0,1.0,84.0,40.0,1.0,83.61,167228.0,83.61,11.0
6236,40.0,1.0,86.0,40.0,1.0,85.63,179000.0,89.5,11.67
6237,40.0,1.0,88.0,40.01,1.0,87.63,188132.0,94.07,12.64
6238,40.0,1.0,90.0,40.0,1.0,89.64,189600.0,94.8,12.76
6239,40.0,1.0,92.0,40.0,1.0,91.66,182660.0,91.33,12.07
6240,40.0,1.0,94.0,40.0,1.0,93.66,170840.0,85.42,11.22
6241,40.0,1.0,96.0,40.01,1.0,95.65,157662.0,78.83,10.5
6242,40.0,1.0,99.0,40.0,1.0,98.63,142696.0,71.35,10.17
6243,40.0,1.0,102.0,40.0,1.0,101.61,133480.0,66.74,10.29
6244,40.0,1.0,105.0,39.99,1.0,104.56,129328.0,64.66,10.9
6245,40.0,1.0,110.0,39.99,1.0,109.48,125951.0,62.98,11.71
6246,40.0,1.0,115.0,39.99,1.0,114.37,124796.0,62.4,12.54
6247,40.0,1.0,120.0,39.99,1.0,119.28,124813.00000000001,62.41,13.3
6248,40.0,1.0,125.0,39.99,1.0,124.19,125296.0,62.65,14.16
6249,40.0,1.0,130.0,39.99,1.0,129.15,125433.99999999999,62.72,14.37
6250,40.0,1.0,135.0,39.99,1.0,134.14,126617.0,63.31,15.14
6251,40.0,1.0,140.0,39.99,1.0,139.16,127701.0,63.85,15.55
6252,40.0,1.0,145.0,39.99,1.0,144.21,129155.0,64.58,16.15
6253,40.0,1.0,150.0,40.0,1.0,149.29,130861.99999999999,65.43,16.73
6254,40.0,1.0,155.0,39.99,1.0,154.38,132188.0,66.09,16.81
6255,40.0,1.0,160.0,39.99,1.0,159.46,134118.0,67.06,17.36
6256,40.0,1.0,165.0,40.0,1.0,164.56,137188.0,68.59,19.46
6257,40.0,1.0,170.0,39.99,1.0,169.64,137521.0,68.76,17.77
6258,40.0,1.0,175.0,39.99,1.0,174.72,139443.0,69.72,18.35
6259,40.0,1.0,180.0,39.99,1.0,179.79,140640.0,70.32,18.57
6272,40.0,1.5,0.0,39.98,1.5,-0.16,123907.0,61.95,19.29
6273,40.0,1.5,5.0,40.0,1.5,4.83,123657.0,61.83,18.68
6274,40.0,1.5,10.0,39.99,1.5,9.81,123829.0,61.91,19.31
6275,40.0,1.5,15.0,39.99,1.5,14.8,122329.0,61.16,18.47
6276,40.0,1.5,20.0,39.99,1.5,19.81,121590.00000000001,60.79,18.61
6277,40.0,1.5,25.0,40.0,1.5,24.82,119333.0,59.67,17.56
6278,40.0,1.5,30.0,40.0,1.5,29.84,118792.0,59.4,18.27
6279,40.0,1.5,35.0,39.99,1.5,34.87,116439.00000000001,58.22,17.15
6280,40.0,1.5,40.0,39.99,1.5,39.88,115149.0,57.57,17.0
6281,40.0,1.5,45.0,39.99,1.5,44.88,112910.99999999999,56.46,15.85
6282,40.0,1.5,50.0,39.99,1.5,49.88,111399.0,55.7,15.47
6283,40.0,1.5,55.0,39.99,1.5,54.85,109695.0,54.85,14.38
6284,40.0,1.5,60.0,39.99,1.5,59.83,108199.0,54.1,13.38
6285,40.0,1.5,65.0,39.99,1.5,64.8,107282.0,53.64,12.71
6286,40.0,1.5,70.0,39.99,1.5,69.77,106676.0,53.34,11.64
6287,40.0,1.5,75.0,39.99,1.5,74.75,107801.0,53.9,10.64
6288,40.0,1.5,78.0,40.0,1.5,77.73,110294.0,55.15,9.92
6289,40.0,1.5,81.0,39.99,1.5,80.71,116808.99999999999,58.4,9.16
6290,40.0,1.5,84.0,39.99,1.5,83.69,135062.0,67.53,9.33
6291,40.0,1.5,86.0,40.0,1.5,85.68,155039.0,77.52,10.15
6292,40.0,1.5,88.0,40.0,1.5,87.66,175065.0,87.53,11.86
6293,40.0,1.5,90.0,40.0,1.5,89.65,179501.0,89.75,12.25
6294,40.0,1.5,92.0,40.0,1.5,91.63,165208.0,82.6,11.04
6295,40.0,1.5,94.0,40.0,1.5,93.61,142925.0,71.46,9.72
6296,40.0,1.5,96.0,40.01,1.5,95.59,125589.00000000001,62.79,9.2
6297,40.0,1.5,99.0,39.99,1.5,98.55,111940.00000000001,55.97,9.46
6298,40.0,1.5,102.0,39.99,1.5,101.5,106421.0,53.21,10.05
6299,40.0,1.5,105.0,39.99,1.5,104.46,104573.0,52.29,10.87
6300,40.0,1.5,110.0,39.99,1.5,109.38,103525.0,51.76,11.82
6301,40.0,1.5,115.0,39.99,1.5,114.32,103439.00000000001,51.72,12.51
6302,40.0,1.5,120.0,40.0,1.5,119.27,104555.0,52.28,13.63
6303,40.0,1.5,125.0,39.99,1.5,124.25,105399.0,52.7,14.36
6304,40.0,1.5,130.0,40.0,1.5,129.27,106682.0,53.34,15.17
6305,40.0,1.5,135.0,39.99,1.5,134.33,107518.0,53.76,15.37
6306,40.0,1.5,140.0,39.99,1.5,139.42,109099.0,54.55,16.04
6307,40.0,1.5,145.0,39.99,1.5,144.51,110716.00000000001,55.36,16.54
6308,40.0,1.5,150.0,39.99,1.5,149.61,112366.00000000001,56.18,16.99
6309,40.0,1.5,155.0,39.99,1.5,154.7,114701.0,57.35,17.9
6310,40.0,1.5,160.0,39.99,1.5,159.77,116127.0,58.06,17.59
6311,40.0,1.5,165.0,40.0,1.5,164.81,118670.0,59.33,18.56
6312,40.0,1.5,170.0,39.99,1.5,169.84,121042.0,60.52,19.3
6313,40.0,1.5,175.0,39.99,1.5,174.83,122172.0,61.09,18.61
6314,40.0,1.5,180.0,39.99,1.5,179.86,123794.0,61.9,19.02
6327,40.0,2.0,0.0,39.99,2.0,-0.18,111852.0,55.93,19.25
6328,40.0,2.0,5.0,39.99,2.0,4.74,111914.00000000001,55.96,19.35
6329,40.0,2.0,10.0,39.99,2.0,9.68,111296.0,55.65,19.08
6330,40.0,2.0,15.0,39.99,2.0,14.63,110626.0,55.31,19.18
6331,40.0,2.0,20.0,39.99,2.0,19.62,109115.00000000001,54.56,18.86
6332,40.0,2.0,25.0,39.99,2.0,24.64,107778.0,53.89,19.05
6333,40.0,2.0,30.0,40.0,2.0,29.68,105826.0,52.91,18.07
6334,40.0,2.0,35.0,39.99,2.0,34.73,103866.00000000001,51.93,17.28
6335,40.0,2.0,40.0,39.99,2.0,39.79,102525.0,51.26,17.35
6336,40.0,2.0,45.0,39.99,2.0,44.84,100112.0,50.06,16.03
6337,40.0,2.0,50.0,39.99,2.0,49.89,98615.0,49.31,15.55
6338,40.0,2.0,55.0,40.0,2.0,54.92,97045.0,48.52,14.9
6339,40.0,2.0,60.0,39.99,2.0,59.94,95299.0,47.65,14.0
6340,40.0,2.0,65.0,39.99,2.0,64.93,93869.0,46.93,12.98
6341,40.0,2.0,70.0,39.99,2.0,69.91,92078.0,46.04,11.61
6342,40.0,2.0,75.0,39.99,2.0,74.87,91930.0,45.96,10.56
6343,40.0,2.0,78.0,39.99,2.0,77.84,93893.0,46.95,10.09
6344,40.0,2.0,81.0,40.0,2.0,80.79,98524.0,49.26,9.32
6345,40.0,2.0,84.0,39.99,2.0,83.74,112105.0,56.05,8.47
6346,40.0,2.0,86.0,39.99,2.0,85.71,135036.0,67.52,9.12
6347,40.0,2.0,88.0,40.0,2.0,87.67,165749.0,82.87,11.25
6348,40.0,2.0,90.0,40.0,2.0,89.64,174587.0,87.29,12.12
6349,40.0,2.0,92.0,40.0,2.0,91.6,150431.0,75.22,10.07
6350,40.0,2.0,94.0,40.0,2.0,93.57,122274.0,61.14,8.89
6351,40.0,2.0,96.0,39.99,2.0,95.53,104206.0,52.1,8.54
6352,40.0,2.0,99.0,39.99,2.0,98.47,94266.0,47.13,9.4
6353,40.0,2.0,102.0,39.99,2.0,101.42,90630.0,45.32,10.17
6354,40.0,2.0,105.0,40.0,2.0,104.38,89465.0,44.73,10.76
6355,40.0,2.0,110.0,40.0,2.0,109.33,90052.0,45.03,12.12
6356,40.0,2.0,115.0,39.99,2.0,114.3,91061.0,45.53,13.21
6357,40.0,2.0,120.0,39.99,2.0,119.3,92073.0,46.04,14.07
6358,40.0,2.0,125.0,39.99,2.0,124.35,93584.0,46.79,15.16
6359,40.0,2.0,130.0,39.99,2.0,129.42,94411.0,47.21,15.31
6360,40.0,2.0,135.0,39.99,2.0,134.53,95715.0,47.86,15.93
6361,40.0,2.0,140.0,40.0,2.0,139.65,97142.0,48.57,16.42
6362,40.0,2.0,145.0,39.99,2.0,144.77,98654.0,49.33,16.9
6363,40.0,2.0,150.0,39.99,2.0,149.87,100825.0,50.41,17.82
6364,40.0,2.0,155.0,40.0,2.0,154.95,101806.0,50.9,17.39
6365,40.0,2.0,160.0,39.99,2.0,160.0,103530.0,51.76,17.33
6366,40.0,2.0,165.0,39.99,2.0,165.08,106327.0,53.16,18.95
6367,40.0,2.0,170.0,40.0,2.0,169.98,108201.0,54.1,18.66
6368,40.0,2.0,175.0,39.99,2.0,174.91,110357.0,55.18,19.34
6369,40.0,2.0,180.0,39.99,2.0,179.82,111809.99999999999,55.91,19.25
6382,40.0,3.0,0.0,39.98,3.0,-0.16,91953.0,45.98,17.59
6383,40.0,3.0,5.0,40.0,3.0,4.73,93088.0,46.54,18.84
6384,40.0,3.0,10.0,39.99,3.0,9.65,92094.0,46.05,18.28
6385,40.0,3.0,15.0,40.0,3.0,14.6,90899.0,45.45,18.02
6386,40.0,3.0,20.0,40.0,3.0,19.59,89703.0,44.85,17.87
6387,40.0,3.0,25.0,39.99,3.0,24.62,89507.0,44.75,19.04
6388,40.0,3.0,30.0,40.0,3.0,29.68,86873.0,43.44,17.02
6389,40.0,3.0,35.0,39.99,3.0,34.76,85469.0,42.73,16.73
6390,40.0,3.0,40.0,39.99,3.0,39.84,84734.0,42.37,16.76
6391,40.0,3.0,45.0,39.99,3.0,44.91,82476.0,41.24,15.61
6392,40.0,3.0,50.0,40.0,3.0,49.99,81510.0,40.76,15.34
6393,40.0,3.0,55.0,40.02,3.0,55.05,80283.0,40.14,15.14
6394,40.0,3.0,60.0,39.99,3.0,60.07,79270.0,39.64,15.05
6395,40.0,3.0,65.0,40.02,3.0,65.09,75358.0,37.68,12.41
6396,40.0,3.0,70.0,39.99,3.0,70.06,73779.0,36.89,11.65
6397,40.0,3.0,75.0,40.0,3.0,75.01,70748.0,35.37,9.68
6398,40.0,3.0,78.0,40.02,3.0,77.96,72149.0,36.07,9.45
6399,40.0,3.0,81.0,40.02,3.0,80.89,74152.0,37.08,8.48
6400,40.0,3.0,84.0,39.99,3.0,83.79,84532.0,42.27,7.73
6401,40.0,3.0,86.0,40.0,3.0,85.73,103692.0,51.85,7.53
6402,40.0,3.0,88.0,39.99,3.0,87.67,150466.0,75.23,10.24
6403,40.0,3.0,90.0,40.0,3.0,89.61,165100.0,82.55,11.41
6404,40.0,3.0,92.0,40.0,3.0,91.56,123986.99999999999,61.99,8.96
6405,40.0,3.0,94.0,40.0,3.0,93.5,90107.0,45.05,7.59
6406,40.0,3.0,96.0,39.99,3.0,95.48,77316.0,38.66,7.87
6407,40.0,3.0,99.0,39.99,3.0,98.39,72221.0,36.11,9.11
6408,40.0,3.0,102.0,39.99,3.0,101.33,70203.0,35.1,9.73
6409,40.0,3.0,105.0,40.0,3.0,104.29,71051.0,35.53,10.83
6410,40.0,3.0,110.0,40.0,3.0,109.26,72523.0,36.26,12.07
6411,40.0,3.0,115.0,40.0,3.0,114.26,74166.0,37.08,13.08
6412,40.0,3.0,120.0,39.99,3.0,119.36,75907.0,37.95,14.32
6413,40.0,3.0,125.0,40.0,3.0,124.38,77983.0,38.99,15.74
6414,40.0,3.0,130.0,39.99,3.0,129.55,77588.0,38.79,14.76
6415,40.0,3.0,135.0,40.0,3.0,134.67,79327.0,39.66,15.7
6416,40.0,3.0,140.0,40.0,3.0,139.75,80695.0,40.35,16.54
6417,40.0,3.0,145.0,40.0,3.0,144.88,81658.0,40.83,16.63
6418,40.0,3.0,150.0,39.99,3.0,150.06,82377.0,41.19,16.34
6419,40.0,3.0,155.0,40.0,3.0,155.07,83965.0,41.98,16.79
6420,40.0,3.0,160.0,40.0,3.0,160.11,86047.0,43.02,17.78
6421,40.0,3.0,165.0,40.0,3.0,165.11,87525.0,43.76,17.76
6422,40.0,3.0,170.0,39.99,3.0,170.14,90422.0,45.21,19.2
6423,40.0,3.0,175.0,39.99,3.0,175.04,91572.0,45.79,18.53
6424,40.0,3.0,180.0,39.99,3.0,179.9,93138.0,46.57,19.25
6437,40.0,5.0,0.0,40.0,5.0,-0.15,68993.0,34.5,16.63
6438,40.0,5.0,5.0,39.99,5.0,4.7,69142.0,34.57,17.28
6439,40.0,5.0,10.0,39.99,5.0,9.61,68294.0,34.15,16.48
6440,40.0,5.0,15.0,39.99,5.0,14.56,68592.0,34.3,17.64
6441,40.0,5.0,20.0,40.0,5.0,19.57,68175.0,34.09,17.78
6442,40.0,5.0,25.0,40.0,5.0,24.6,67127.0,33.56,17.14
6443,40.0,5.0,30.0,39.99,5.0,29.66,65874.0,32.94,15.98
6444,40.0,5.0,35.0,39.99,5.0,34.72,66059.0,33.03,16.52
6445,40.0,5.0,40.0,40.0,5.0,39.8,65269.00000000001,32.63,15.83
6446,40.0,5.0,45.0,39.99,5.0,44.87,64622.0,32.31,15.63
6447,40.0,5.0,50.0,39.99,5.0,49.94,64599.0,32.3,15.99
6448,40.0,5.0,55.0,40.02,5.0,54.99,64098.0,32.05,16.18
6449,40.0,5.0,60.0,40.01,5.0,60.02,61974.0,30.99,14.42
6450,40.0,5.0,65.0,40.02,5.0,65.03,61115.0,30.56,14.53
6451,40.0,5.0,70.0,40.01,5.0,70.02,58749.0,29.37,13.38
6452,40.0,5.0,75.0,40.01,5.0,74.97,55221.0,27.61,11.1
6453,40.0,5.0,78.0,40.01,5.0,77.91,53900.0,26.95,10.15
6454,40.0,5.0,81.0,40.02,5.0,80.84,54544.00000000001,27.27,9.2
6455,40.0,5.0,84.0,40.02,5.0,83.75,57720.00000000001,28.86,7.15
6456,40.0,5.0,86.0,40.0,5.0,85.69,77935.0,38.97,7.96
6457,40.0,5.0,88.0,39.99,5.0,87.63,120926.0,60.46,8.49
6458,40.0,5.0,90.0,40.0,5.0,89.55,159765.0,79.88,11.42
6459,40.0,5.0,92.0,39.99,5.0,91.49,94703.0,47.35,8.0
6460,40.0,5.0,94.0,40.02,5.0,93.42,63092.99999999999,31.55,6.88
6461,40.0,5.0,96.0,40.02,5.0,95.37,55610.0,27.81,8.0
6462,40.0,5.0,99.0,40.01,5.0,98.32,52402.0,26.2,9.18
6463,40.0,5.0,102.0,40.02,5.0,101.29,54155.99999999999,27.08,11.04
6464,40.0,5.0,105.0,40.01,5.0,104.29,55470.00000000001,27.73,12.1
6465,40.0,5.0,110.0,40.0,5.0,109.31,57664.0,28.83,13.23
6466,40.0,5.0,115.0,40.0,5.0,114.37,59974.0,29.99,14.8
6467,40.0,5.0,120.0,39.99,5.0,119.45,61107.00000000001,30.55,15.47
6468,40.0,5.0,125.0,40.0,5.0,124.54,61754.0,30.88,15.85
6469,40.0,5.0,130.0,39.99,5.0,129.65,63004.0,31.5,17.03
6470,40.0,5.0,135.0,39.99,5.0,134.77,62862.0,31.43,16.57
6471,40.0,5.0,140.0,40.0,5.0,139.81,63449.0,31.72,17.08
6472,40.0,5.0,145.0,40.0,5.0,145.0,63048.0,31.52,16.22
6473,40.0,5.0,150.0,39.99,5.0,150.1,63871.0,31.94,16.92
6474,40.0,5.0,155.0,40.0,5.0,155.18,64504.0,32.25,17.11
6475,40.0,5.0,160.0,40.0,5.0,160.22,64782.00000000001,32.39,16.64
6476,40.0,5.0,165.0,40.0,5.0,165.22,65960.0,32.98,17.15
6477,40.0,5.0,170.0,40.0,5.0,170.17,66604.0,33.3,16.6
6478,40.0,5.0,175.0,39.99,5.0,175.07,67517.0,33.76,16.48
6479,40.0,5.0,180.0,39.99,5.0,179.91,68541.0,34.27,16.38
6492,40.0,7.0,0.0,39.99,7.0,-0.14,54004.0,27.0,15.94
6493,40.0,7.0,5.0,40.0,7.0,4.7,54285.0,27.14,16.3
6494,40.0,7.0,10.0,40.0,7.0,9.63,53336.0,26.67,15.45
6495,40.0,7.0,15.0,40.0,7.0,14.59,53028.0,26.51,15.51
6496,40.0,7.0,20.0,40.0,7.0,19.6,53188.0,26.59,15.79
6497,40.0,7.0,25.0,40.0,7.0,24.63,53201.0,26.6,15.95
6498,40.0,7.0,30.0,40.0,7.0,29.68,53601.0,26.8,16.42
6499,40.0,7.0,35.0,40.01,7.0,34.73,54885.0,27.44,18.13
6500,40.0,7.0,40.0,40.0,7.0,39.78,53546.0,26.77,15.54
6501,40.0,7.0,45.0,40.0,7.0,44.84,53480.99999999999,26.74,15.29
6502,40.0,7.0,50.0,40.0,7.0,49.9,53500.0,26.75,15.06
6503,40.0,7.0,55.0,40.01,7.0,54.93,55084.0,27.54,17.93
6504,40.0,7.0,60.0,40.02,7.0,59.95,52789.0,26.39,14.11
6505,40.0,7.0,65.0,40.02,7.0,64.96,53658.00000000001,26.83,16.65
6506,40.0,7.0,70.0,40.01,7.0,69.94,50577.0,25.29,13.87
6507,40.0,7.0,75.0,40.01,7.0,74.89,48576.0,24.29,12.95
6508,40.0,7.0,78.0,40.01,7.0,77.84,46315.0,23.16,11.1
6509,40.0,7.0,81.0,40.02,7.0,80.77,46929.0,23.46,11.02
6510,40.0,7.0,84.0,40.02,7.0,83.68,44441.0,22.22,6.74
6511,40.0,7.0,86.0,40.03,7.0,85.61,58402.0,29.2,7.08
6512,40.0,7.0,88.0,40.0,7.0,87.56,97369.0,48.68,7.32
6513,40.0,7.0,90.0,40.0,7.0,89.49,149869.0,74.93,9.8
6514,40.0,7.0,92.0,40.0,7.0,91.41,80733.0,40.37,7.95
6515,40.0,7.0,94.0,40.01,7.0,93.34,53178.0,26.59,7.43
6516,40.0,7.0,96.0,40.02,7.0,95.29,45690.0,22.84,8.38
6517,40.0,7.0,99.0,40.01,7.0,98.26,44172.0,22.09,9.87
6518,40.0,7.0,102.0,40.01,7.0,101.26,46495.0,23.25,11.98
6519,40.0,7.0,105.0,40.01,7.0,104.28,47530.0,23.77,12.77
6520,40.0,7.0,110.0,40.01,7.0,109.33,49732.0,24.87,13.19
6521,40.0,7.0,115.0,40.0,7.0,114.41,51396.0,25.7,14.77
6522,40.0,7.0,120.0,40.0,7.0,119.51,51765.0,25.88,15.06
6523,40.0,7.0,125.0,40.0,7.0,124.6,52236.0,26.12,15.71
6524,40.0,7.0,130.0,40.0,7.0,129.7,52635.0,26.32,16.5
6525,40.0,7.0,135.0,40.0,7.0,134.8,52317.99999999999,26.16,16.71
6526,40.0,7.0,140.0,39.99,7.0,139.9,51117.0,25.56,15.34
6527,40.0,7.0,145.0,40.0,7.0,144.99,51515.0,25.76,16.16
6528,40.0,7.0,150.0,39.99,7.0,150.08,50585.0,25.29,15.18
6529,40.0,7.0,155.0,40.0,7.0,155.14,50152.0,25.08,14.16
6530,40.0,7.0,160.0,40.0,7.0,160.18,51074.0,25.54,15.48
6531,40.0,7.0,165.0,40.0,7.0,165.19,51420.00000000001,25.71,15.37
6532,40.0,7.0,170.0,40.0,7.0,170.13,50699.0,25.35,13.59
6533,40.0,7.0,175.0,39.99,7.0,175.07,52064.0,26.03,14.11
6534,40.0,7.0,180.0,40.0,7.0,179.92,54154.99999999999,27.08,16.58
6547,40.0,8.0,0.0,40.01,8.0,-0.15,48518.0,24.26,15.59
6548,40.0,8.0,5.0,40.0,8.0,4.7,47753.0,23.88,14.9
6549,40.0,8.0,10.0,40.0,8.0,9.62,47179.0,23.59,14.41
6550,40.0,8.0,15.0,39.99,8.0,14.59,46556.0,23.28,13.85
6551,40.0,8.0,20.0,40.0,8.0,19.6,48031.0,24.02,15.8
6552,40.0,8.0,25.0,40.0,8.0,24.63,47894.0,23.95,15.3
6553,40.0,8.0,30.0,40.0,8.0,29.67,48681.0,24.34,16.33
6554,40.0,8.0,35.0,40.0,8.0,34.72,49937.0,24.97,17.59
6555,40.0,8.0,40.0,40.0,8.0,39.77,48628.0,24.31,14.85
6556,40.0,8.0,45.0,40.0,8.0,44.82,50052.0,25.03,16.37
6557,40.0,8.0,50.0,40.0,8.0,49.88,50902.0,25.45,17.28
6558,40.0,8.0,55.0,40.02,8.0,54.9,51254.0,25.63,17.18
6559,40.0,8.0,60.0,40.01,8.0,59.92,49557.0,24.78,14.56
6560,40.0,8.0,65.0,40.01,8.0,64.93,49021.0,24.51,14.35
6561,40.0,8.0,70.0,40.01,8.0,69.91,47924.0,23.96,14.4
6562,40.0,8.0,75.0,40.01,8.0,74.85,45502.0,22.75,12.9
6563,40.0,8.0,78.0,40.01,8.0,77.8,44032.0,22.02,11.88
6564,40.0,8.0,81.0,40.02,8.0,80.73,42117.0,21.06,10.16
6565,40.0,8.0,84.0,40.01,8.0,83.65,44071.0,22.04,8.05
6566,40.0,8.0,86.0,40.02,8.0,85.58,53667.99999999999,26.83,7.11
6567,40.0,8.0,88.0,39.99,8.0,87.53,93099.0,46.55,7.84
6568,40.0,8.0,90.0,40.0,8.0,89.46,148291.0,74.15,9.9
6569,40.0,8.0,92.0,39.99,8.0,91.38,72997.0,36.5,7.38
6570,40.0,8.0,94.0,40.02,8.0,93.31,49571.0,24.79,7.7
6571,40.0,8.0,96.0,40.01,8.0,95.27,42931.0,21.47,8.78
6572,40.0,8.0,99.0,40.01,8.0,98.25,41259.0,20.63,9.85
6573,40.0,8.0,102.0,40.01,8.0,101.26,44309.0,22.15,12.97
6574,40.0,8.0,105.0,40.01,8.0,104.29,46058.0,23.03,14.14
6575,40.0,8.0,110.0,40.0,8.0,109.36,48227.0,24.11,15.6
6576,40.0,8.0,115.0,40.0,8.0,114.44,49989.0,24.99,17.6
6577,40.0,8.0,120.0,39.99,8.0,119.53,50181.0,25.09,18.36
6578,40.0,8.0,125.0,40.0,8.0,124.62,48991.0,24.5,16.24
6579,40.0,8.0,130.0,40.0,8.0,129.71,48721.0,24.36,16.51
6580,40.0,8.0,135.0,40.0,8.0,134.8,48305.0,24.15,16.61
6581,40.0,8.0,140.0,40.0,8.0,139.89,46922.0,23.46,15.04
6582,40.0,8.0,145.0,39.99,8.0,144.98,47448.0,23.72,16.86
6583,40.0,8.0,150.0,40.0,8.0,150.05,46745.0,23.37,15.85
6584,40.0,8.0,155.0,39.99,8.0,155.11,46682.0,23.34,16.17
6585,40.0,8.0,160.0,40.0,8.0,160.15,46135.0,23.07,15.21
6586,40.0,8.0,165.0,40.0,8.0,165.16,46101.0,23.05,14.96
6587,40.0,8.0,170.0,40.0,8.0,170.13,47492.0,23.75,16.04
6588,40.0,8.0,175.0,40.0,8.0,175.06,47409.0,23.7,14.97
6589,40.0,8.0,180.0,39.99,8.0,179.92,47489.0,23.74,14.31
